20170701,42917,FY2018,FY2018 Q1,2017 Jul,2017 Jul 01,201707
20170702,42918,FY2018,FY2018 Q1,2017 Jul,2017 Jul 02,201707
20170703,42919,FY2018,FY2018 Q1,2017 Jul,2017 Jul 03,201707
20170704,42920,FY2018,FY2018 Q1,2017 Jul,2017 Jul 04,201707
20170705,42921,FY2018,FY2018 Q1,2017 Jul,2017 Jul 05,201707
20170706,42922,FY2018,FY2018 Q1,2017 Jul,2017 Jul 06,201707
20170707,42923,FY2018,FY2018 Q1,2017 Jul,2017 Jul 07,201707
20170708,42924,FY2018,FY2018 Q1,2017 Jul,2017 Jul 08,201707
20170709,42925,FY2018,FY2018 Q1,2017 Jul,2017 Jul 09,201707
20170710,42926,FY2018,FY2018 Q1,2017 Jul,2017 Jul 10,201707
20170711,42927,FY2018,FY2018 Q1,2017 Jul,2017 Jul 11,201707
20170712,42928,FY2018,FY2018 Q1,2017 Jul,2017 Jul 12,201707
20170713,42929,FY2018,FY2018 Q1,2017 Jul,2017 Jul 13,201707
20170714,42930,FY2018,FY2018 Q1,2017 Jul,2017 Jul 14,201707
20170715,42931,FY2018,FY2018 Q1,2017 Jul,2017 Jul 15,201707
20170716,42932,FY2018,FY2018 Q1,2017 Jul,2017 Jul 16,201707
20170717,42933,FY2018,FY2018 Q1,2017 Jul,2017 Jul 17,201707
20170718,42934,FY2018,FY2018 Q1,2017 Jul,2017 Jul 18,201707
20170719,42935,FY2018,FY2018 Q1,2017 Jul,2017 Jul 19,201707
20170720,42936,FY2018,FY2018 Q1,2017 Jul,2017 Jul 20,201707
20170721,42937,FY2018,FY2018 Q1,2017 Jul,2017 Jul 21,201707
20170722,42938,FY2018,FY2018 Q1,2017 Jul,2017 Jul 22,201707
20170723,42939,FY2018,FY2018 Q1,2017 Jul,2017 Jul 23,201707
20170724,42940,FY2018,FY2018 Q1,2017 Jul,2017 Jul 24,201707
20170725,42941,FY2018,FY2018 Q1,2017 Jul,2017 Jul 25,201707
20170726,42942,FY2018,FY2018 Q1,2017 Jul,2017 Jul 26,201707
20170727,42943,FY2018,FY2018 Q1,2017 Jul,2017 Jul 27,201707
20170728,42944,FY2018,FY2018 Q1,2017 Jul,2017 Jul 28,201707
20170729,42945,FY2018,FY2018 Q1,2017 Jul,2017 Jul 29,201707
20170730,42946,FY2018,FY2018 Q1,2017 Jul,2017 Jul 30,201707
20170731,42947,FY2018,FY2018 Q1,2017 Jul,2017 Jul 31,201707
20170801,42948,FY2018,FY2018 Q1,2017 Aug,2017 Aug 01,201708
20170802,42949,FY2018,FY2018 Q1,2017 Aug,2017 Aug 02,201708
20170803,42950,FY2018,FY2018 Q1,2017 Aug,2017 Aug 03,201708
20170804,42951,FY2018,FY2018 Q1,2017 Aug,2017 Aug 04,201708
20170805,42952,FY2018,FY2018 Q1,2017 Aug,2017 Aug 05,201708
20170806,42953,FY2018,FY2018 Q1,2017 Aug,2017 Aug 06,201708
20170807,42954,FY2018,FY2018 Q1,2017 Aug,2017 Aug 07,201708
20170808,42955,FY2018,FY2018 Q1,2017 Aug,2017 Aug 08,201708
20170809,42956,FY2018,FY2018 Q1,2017 Aug,2017 Aug 09,201708
20170810,42957,FY2018,FY2018 Q1,2017 Aug,2017 Aug 10,201708
20170811,42958,FY2018,FY2018 Q1,2017 Aug,2017 Aug 11,201708
20170812,42959,FY2018,FY2018 Q1,2017 Aug,2017 Aug 12,201708
20170813,42960,FY2018,FY2018 Q1,2017 Aug,2017 Aug 13,201708
20170814,42961,FY2018,FY2018 Q1,2017 Aug,2017 Aug 14,201708
20170815,42962,FY2018,FY2018 Q1,2017 Aug,2017 Aug 15,201708
20170816,42963,FY2018,FY2018 Q1,2017 Aug,2017 Aug 16,201708
20170817,42964,FY2018,FY2018 Q1,2017 Aug,2017 Aug 17,201708
20170818,42965,FY2018,FY2018 Q1,2017 Aug,2017 Aug 18,201708
20170819,42966,FY2018,FY2018 Q1,2017 Aug,2017 Aug 19,201708
20170820,42967,FY2018,FY2018 Q1,2017 Aug,2017 Aug 20,201708
20170821,42968,FY2018,FY2018 Q1,2017 Aug,2017 Aug 21,201708
20170822,42969,FY2018,FY2018 Q1,2017 Aug,2017 Aug 22,201708
20170823,42970,FY2018,FY2018 Q1,2017 Aug,2017 Aug 23,201708
20170824,42971,FY2018,FY2018 Q1,2017 Aug,2017 Aug 24,201708
20170825,42972,FY2018,FY2018 Q1,2017 Aug,2017 Aug 25,201708
20170826,42973,FY2018,FY2018 Q1,2017 Aug,2017 Aug 26,201708
20170827,42974,FY2018,FY2018 Q1,2017 Aug,2017 Aug 27,201708
20170828,42975,FY2018,FY2018 Q1,2017 Aug,2017 Aug 28,201708
20170829,42976,FY2018,FY2018 Q1,2017 Aug,2017 Aug 29,201708
20170830,42977,FY2018,FY2018 Q1,2017 Aug,2017 Aug 30,201708
20170831,42978,FY2018,FY2018 Q1,2017 Aug,2017 Aug 31,201708
20170901,42979,FY2018,FY2018 Q1,2017 Sep,2017 Sep 01,201709
20170902,42980,FY2018,FY2018 Q1,2017 Sep,2017 Sep 02,201709
20170903,42981,FY2018,FY2018 Q1,2017 Sep,2017 Sep 03,201709
20170904,42982,FY2018,FY2018 Q1,2017 Sep,2017 Sep 04,201709
20170905,42983,FY2018,FY2018 Q1,2017 Sep,2017 Sep 05,201709
20170906,42984,FY2018,FY2018 Q1,2017 Sep,2017 Sep 06,201709
20170907,42985,FY2018,FY2018 Q1,2017 Sep,2017 Sep 07,201709
20170908,42986,FY2018,FY2018 Q1,2017 Sep,2017 Sep 08,201709
20170909,42987,FY2018,FY2018 Q1,2017 Sep,2017 Sep 09,201709
20170910,42988,FY2018,FY2018 Q1,2017 Sep,2017 Sep 10,201709
20170911,42989,FY2018,FY2018 Q1,2017 Sep,2017 Sep 11,201709
20170912,42990,FY2018,FY2018 Q1,2017 Sep,2017 Sep 12,201709
20170913,42991,FY2018,FY2018 Q1,2017 Sep,2017 Sep 13,201709
20170914,42992,FY2018,FY2018 Q1,2017 Sep,2017 Sep 14,201709
20170915,42993,FY2018,FY2018 Q1,2017 Sep,2017 Sep 15,201709
20170916,42994,FY2018,FY2018 Q1,2017 Sep,2017 Sep 16,201709
20170917,42995,FY2018,FY2018 Q1,2017 Sep,2017 Sep 17,201709
20170918,42996,FY2018,FY2018 Q1,2017 Sep,2017 Sep 18,201709
20170919,42997,FY2018,FY2018 Q1,2017 Sep,2017 Sep 19,201709
20170920,42998,FY2018,FY2018 Q1,2017 Sep,2017 Sep 20,201709
20170921,42999,FY2018,FY2018 Q1,2017 Sep,2017 Sep 21,201709
20170922,43000,FY2018,FY2018 Q1,2017 Sep,2017 Sep 22,201709
20170923,43001,FY2018,FY2018 Q1,2017 Sep,2017 Sep 23,201709
20170924,43002,FY2018,FY2018 Q1,2017 Sep,2017 Sep 24,201709
20170925,43003,FY2018,FY2018 Q1,2017 Sep,2017 Sep 25,201709
20170926,43004,FY2018,FY2018 Q1,2017 Sep,2017 Sep 26,201709
20170927,43005,FY2018,FY2018 Q1,2017 Sep,2017 Sep 27,201709
20170928,43006,FY2018,FY2018 Q1,2017 Sep,2017 Sep 28,201709
20170929,43007,FY2018,FY2018 Q1,2017 Sep,2017 Sep 29,201709
20170930,43008,FY2018,FY2018 Q1,2017 Sep,2017 Sep 30,201709
20171001,43009,FY2018,FY2018 Q2,2017 Oct,2017 Oct 01,201710
20171002,43010,FY2018,FY2018 Q2,2017 Oct,2017 Oct 02,201710
20171003,43011,FY2018,FY2018 Q2,2017 Oct,2017 Oct 03,201710
20171004,43012,FY2018,FY2018 Q2,2017 Oct,2017 Oct 04,201710
20171005,43013,FY2018,FY2018 Q2,2017 Oct,2017 Oct 05,201710
20171006,43014,FY2018,FY2018 Q2,2017 Oct,2017 Oct 06,201710
20171007,43015,FY2018,FY2018 Q2,2017 Oct,2017 Oct 07,201710
20171008,43016,FY2018,FY2018 Q2,2017 Oct,2017 Oct 08,201710
20171009,43017,FY2018,FY2018 Q2,2017 Oct,2017 Oct 09,201710
20171010,43018,FY2018,FY2018 Q2,2017 Oct,2017 Oct 10,201710
20171011,43019,FY2018,FY2018 Q2,2017 Oct,2017 Oct 11,201710
20171012,43020,FY2018,FY2018 Q2,2017 Oct,2017 Oct 12,201710
20171013,43021,FY2018,FY2018 Q2,2017 Oct,2017 Oct 13,201710
20171014,43022,FY2018,FY2018 Q2,2017 Oct,2017 Oct 14,201710
20171015,43023,FY2018,FY2018 Q2,2017 Oct,2017 Oct 15,201710
20171016,43024,FY2018,FY2018 Q2,2017 Oct,2017 Oct 16,201710
20171017,43025,FY2018,FY2018 Q2,2017 Oct,2017 Oct 17,201710
20171018,43026,FY2018,FY2018 Q2,2017 Oct,2017 Oct 18,201710
20171019,43027,FY2018,FY2018 Q2,2017 Oct,2017 Oct 19,201710
20171020,43028,FY2018,FY2018 Q2,2017 Oct,2017 Oct 20,201710
20171021,43029,FY2018,FY2018 Q2,2017 Oct,2017 Oct 21,201710
20171022,43030,FY2018,FY2018 Q2,2017 Oct,2017 Oct 22,201710
20171023,43031,FY2018,FY2018 Q2,2017 Oct,2017 Oct 23,201710
20171024,43032,FY2018,FY2018 Q2,2017 Oct,2017 Oct 24,201710
20171025,43033,FY2018,FY2018 Q2,2017 Oct,2017 Oct 25,201710
20171026,43034,FY2018,FY2018 Q2,2017 Oct,2017 Oct 26,201710
20171027,43035,FY2018,FY2018 Q2,2017 Oct,2017 Oct 27,201710
20171028,43036,FY2018,FY2018 Q2,2017 Oct,2017 Oct 28,201710
20171029,43037,FY2018,FY2018 Q2,2017 Oct,2017 Oct 29,201710
20171030,43038,FY2018,FY2018 Q2,2017 Oct,2017 Oct 30,201710
20171031,43039,FY2018,FY2018 Q2,2017 Oct,2017 Oct 31,201710
20171101,43040,FY2018,FY2018 Q2,2017 Nov,2017 Nov 01,201711
20171102,43041,FY2018,FY2018 Q2,2017 Nov,2017 Nov 02,201711
20171103,43042,FY2018,FY2018 Q2,2017 Nov,2017 Nov 03,201711
20171104,43043,FY2018,FY2018 Q2,2017 Nov,2017 Nov 04,201711
20171105,43044,FY2018,FY2018 Q2,2017 Nov,2017 Nov 05,201711
20171106,43045,FY2018,FY2018 Q2,2017 Nov,2017 Nov 06,201711
20171107,43046,FY2018,FY2018 Q2,2017 Nov,2017 Nov 07,201711
20171108,43047,FY2018,FY2018 Q2,2017 Nov,2017 Nov 08,201711
20171109,43048,FY2018,FY2018 Q2,2017 Nov,2017 Nov 09,201711
20171110,43049,FY2018,FY2018 Q2,2017 Nov,2017 Nov 10,201711
20171111,43050,FY2018,FY2018 Q2,2017 Nov,2017 Nov 11,201711
20171112,43051,FY2018,FY2018 Q2,2017 Nov,2017 Nov 12,201711
20171113,43052,FY2018,FY2018 Q2,2017 Nov,2017 Nov 13,201711
20171114,43053,FY2018,FY2018 Q2,2017 Nov,2017 Nov 14,201711
20171115,43054,FY2018,FY2018 Q2,2017 Nov,2017 Nov 15,201711
20171116,43055,FY2018,FY2018 Q2,2017 Nov,2017 Nov 16,201711
20171117,43056,FY2018,FY2018 Q2,2017 Nov,2017 Nov 17,201711
20171118,43057,FY2018,FY2018 Q2,2017 Nov,2017 Nov 18,201711
20171119,43058,FY2018,FY2018 Q2,2017 Nov,2017 Nov 19,201711
20171120,43059,FY2018,FY2018 Q2,2017 Nov,2017 Nov 20,201711
20171121,43060,FY2018,FY2018 Q2,2017 Nov,2017 Nov 21,201711
20171122,43061,FY2018,FY2018 Q2,2017 Nov,2017 Nov 22,201711
20171123,43062,FY2018,FY2018 Q2,2017 Nov,2017 Nov 23,201711
20171124,43063,FY2018,FY2018 Q2,2017 Nov,2017 Nov 24,201711
20171125,43064,FY2018,FY2018 Q2,2017 Nov,2017 Nov 25,201711
20171126,43065,FY2018,FY2018 Q2,2017 Nov,2017 Nov 26,201711
20171127,43066,FY2018,FY2018 Q2,2017 Nov,2017 Nov 27,201711
20171128,43067,FY2018,FY2018 Q2,2017 Nov,2017 Nov 28,201711
20171129,43068,FY2018,FY2018 Q2,2017 Nov,2017 Nov 29,201711
20171130,43069,FY2018,FY2018 Q2,2017 Nov,2017 Nov 30,201711
20171201,43070,FY2018,FY2018 Q2,2017 Dec,2017 Dec 01,201712
20171202,43071,FY2018,FY2018 Q2,2017 Dec,2017 Dec 02,201712
20171203,43072,FY2018,FY2018 Q2,2017 Dec,2017 Dec 03,201712
20171204,43073,FY2018,FY2018 Q2,2017 Dec,2017 Dec 04,201712
20171205,43074,FY2018,FY2018 Q2,2017 Dec,2017 Dec 05,201712
20171206,43075,FY2018,FY2018 Q2,2017 Dec,2017 Dec 06,201712
20171207,43076,FY2018,FY2018 Q2,2017 Dec,2017 Dec 07,201712
20171208,43077,FY2018,FY2018 Q2,2017 Dec,2017 Dec 08,201712
20171209,43078,FY2018,FY2018 Q2,2017 Dec,2017 Dec 09,201712
20171210,43079,FY2018,FY2018 Q2,2017 Dec,2017 Dec 10,201712
20171211,43080,FY2018,FY2018 Q2,2017 Dec,2017 Dec 11,201712
20171212,43081,FY2018,FY2018 Q2,2017 Dec,2017 Dec 12,201712
20171213,43082,FY2018,FY2018 Q2,2017 Dec,2017 Dec 13,201712
20171214,43083,FY2018,FY2018 Q2,2017 Dec,2017 Dec 14,201712
20171215,43084,FY2018,FY2018 Q2,2017 Dec,2017 Dec 15,201712
20171216,43085,FY2018,FY2018 Q2,2017 Dec,2017 Dec 16,201712
20171217,43086,FY2018,FY2018 Q2,2017 Dec,2017 Dec 17,201712
20171218,43087,FY2018,FY2018 Q2,2017 Dec,2017 Dec 18,201712
20171219,43088,FY2018,FY2018 Q2,2017 Dec,2017 Dec 19,201712
20171220,43089,FY2018,FY2018 Q2,2017 Dec,2017 Dec 20,201712
20171221,43090,FY2018,FY2018 Q2,2017 Dec,2017 Dec 21,201712
20171222,43091,FY2018,FY2018 Q2,2017 Dec,2017 Dec 22,201712
20171223,43092,FY2018,FY2018 Q2,2017 Dec,2017 Dec 23,201712
20171224,43093,FY2018,FY2018 Q2,2017 Dec,2017 Dec 24,201712
20171225,43094,FY2018,FY2018 Q2,2017 Dec,2017 Dec 25,201712
20171226,43095,FY2018,FY2018 Q2,2017 Dec,2017 Dec 26,201712
20171227,43096,FY2018,FY2018 Q2,2017 Dec,2017 Dec 27,201712
20171228,43097,FY2018,FY2018 Q2,2017 Dec,2017 Dec 28,201712
20171229,43098,FY2018,FY2018 Q2,2017 Dec,2017 Dec 29,201712
20171230,43099,FY2018,FY2018 Q2,2017 Dec,2017 Dec 30,201712
20171231,43100,FY2018,FY2018 Q2,2017 Dec,2017 Dec 31,201712
20180101,43101,FY2018,FY2018 Q3,2018 Jan,2018 Jan 01,201801
20180102,43102,FY2018,FY2018 Q3,2018 Jan,2018 Jan 02,201801
20180103,43103,FY2018,FY2018 Q3,2018 Jan,2018 Jan 03,201801
20180104,43104,FY2018,FY2018 Q3,2018 Jan,2018 Jan 04,201801
20180105,43105,FY2018,FY2018 Q3,2018 Jan,2018 Jan 05,201801
20180106,43106,FY2018,FY2018 Q3,2018 Jan,2018 Jan 06,201801
20180107,43107,FY2018,FY2018 Q3,2018 Jan,2018 Jan 07,201801
20180108,43108,FY2018,FY2018 Q3,2018 Jan,2018 Jan 08,201801
20180109,43109,FY2018,FY2018 Q3,2018 Jan,2018 Jan 09,201801
20180110,43110,FY2018,FY2018 Q3,2018 Jan,2018 Jan 10,201801
20180111,43111,FY2018,FY2018 Q3,2018 Jan,2018 Jan 11,201801
20180112,43112,FY2018,FY2018 Q3,2018 Jan,2018 Jan 12,201801
20180113,43113,FY2018,FY2018 Q3,2018 Jan,2018 Jan 13,201801
20180114,43114,FY2018,FY2018 Q3,2018 Jan,2018 Jan 14,201801
20180115,43115,FY2018,FY2018 Q3,2018 Jan,2018 Jan 15,201801
20180116,43116,FY2018,FY2018 Q3,2018 Jan,2018 Jan 16,201801
20180117,43117,FY2018,FY2018 Q3,2018 Jan,2018 Jan 17,201801
20180118,43118,FY2018,FY2018 Q3,2018 Jan,2018 Jan 18,201801
20180119,43119,FY2018,FY2018 Q3,2018 Jan,2018 Jan 19,201801
20180120,43120,FY2018,FY2018 Q3,2018 Jan,2018 Jan 20,201801
20180121,43121,FY2018,FY2018 Q3,2018 Jan,2018 Jan 21,201801
20180122,43122,FY2018,FY2018 Q3,2018 Jan,2018 Jan 22,201801
20180123,43123,FY2018,FY2018 Q3,2018 Jan,2018 Jan 23,201801
20180124,43124,FY2018,FY2018 Q3,2018 Jan,2018 Jan 24,201801
20180125,43125,FY2018,FY2018 Q3,2018 Jan,2018 Jan 25,201801
20180126,43126,FY2018,FY2018 Q3,2018 Jan,2018 Jan 26,201801
20180127,43127,FY2018,FY2018 Q3,2018 Jan,2018 Jan 27,201801
20180128,43128,FY2018,FY2018 Q3,2018 Jan,2018 Jan 28,201801
20180129,43129,FY2018,FY2018 Q3,2018 Jan,2018 Jan 29,201801
20180130,43130,FY2018,FY2018 Q3,2018 Jan,2018 Jan 30,201801
20180131,43131,FY2018,FY2018 Q3,2018 Jan,2018 Jan 31,201801
20180201,43132,FY2018,FY2018 Q3,2018 Feb,2018 Feb 01,201802
20180202,43133,FY2018,FY2018 Q3,2018 Feb,2018 Feb 02,201802
20180203,43134,FY2018,FY2018 Q3,2018 Feb,2018 Feb 03,201802
20180204,43135,FY2018,FY2018 Q3,2018 Feb,2018 Feb 04,201802
20180205,43136,FY2018,FY2018 Q3,2018 Feb,2018 Feb 05,201802
20180206,43137,FY2018,FY2018 Q3,2018 Feb,2018 Feb 06,201802
20180207,43138,FY2018,FY2018 Q3,2018 Feb,2018 Feb 07,201802
20180208,43139,FY2018,FY2018 Q3,2018 Feb,2018 Feb 08,201802
20180209,43140,FY2018,FY2018 Q3,2018 Feb,2018 Feb 09,201802
20180210,43141,FY2018,FY2018 Q3,2018 Feb,2018 Feb 10,201802
20180211,43142,FY2018,FY2018 Q3,2018 Feb,2018 Feb 11,201802
20180212,43143,FY2018,FY2018 Q3,2018 Feb,2018 Feb 12,201802
20180213,43144,FY2018,FY2018 Q3,2018 Feb,2018 Feb 13,201802
20180214,43145,FY2018,FY2018 Q3,2018 Feb,2018 Feb 14,201802
20180215,43146,FY2018,FY2018 Q3,2018 Feb,2018 Feb 15,201802
20180216,43147,FY2018,FY2018 Q3,2018 Feb,2018 Feb 16,201802
20180217,43148,FY2018,FY2018 Q3,2018 Feb,2018 Feb 17,201802
20180218,43149,FY2018,FY2018 Q3,2018 Feb,2018 Feb 18,201802
20180219,43150,FY2018,FY2018 Q3,2018 Feb,2018 Feb 19,201802
20180220,43151,FY2018,FY2018 Q3,2018 Feb,2018 Feb 20,201802
20180221,43152,FY2018,FY2018 Q3,2018 Feb,2018 Feb 21,201802
20180222,43153,FY2018,FY2018 Q3,2018 Feb,2018 Feb 22,201802
20180223,43154,FY2018,FY2018 Q3,2018 Feb,2018 Feb 23,201802
20180224,43155,FY2018,FY2018 Q3,2018 Feb,2018 Feb 24,201802
20180225,43156,FY2018,FY2018 Q3,2018 Feb,2018 Feb 25,201802
20180226,43157,FY2018,FY2018 Q3,2018 Feb,2018 Feb 26,201802
20180227,43158,FY2018,FY2018 Q3,2018 Feb,2018 Feb 27,201802
20180228,43159,FY2018,FY2018 Q3,2018 Feb,2018 Feb 28,201802
20180301,43160,FY2018,FY2018 Q3,2018 Mar,2018 Mar 01,201803
20180302,43161,FY2018,FY2018 Q3,2018 Mar,2018 Mar 02,201803
20180303,43162,FY2018,FY2018 Q3,2018 Mar,2018 Mar 03,201803
20180304,43163,FY2018,FY2018 Q3,2018 Mar,2018 Mar 04,201803
20180305,43164,FY2018,FY2018 Q3,2018 Mar,2018 Mar 05,201803
20180306,43165,FY2018,FY2018 Q3,2018 Mar,2018 Mar 06,201803
20180307,43166,FY2018,FY2018 Q3,2018 Mar,2018 Mar 07,201803
20180308,43167,FY2018,FY2018 Q3,2018 Mar,2018 Mar 08,201803
20180309,43168,FY2018,FY2018 Q3,2018 Mar,2018 Mar 09,201803
20180310,43169,FY2018,FY2018 Q3,2018 Mar,2018 Mar 10,201803
20180311,43170,FY2018,FY2018 Q3,2018 Mar,2018 Mar 11,201803
20180312,43171,FY2018,FY2018 Q3,2018 Mar,2018 Mar 12,201803
20180313,43172,FY2018,FY2018 Q3,2018 Mar,2018 Mar 13,201803
20180314,43173,FY2018,FY2018 Q3,2018 Mar,2018 Mar 14,201803
20180315,43174,FY2018,FY2018 Q3,2018 Mar,2018 Mar 15,201803
20180316,43175,FY2018,FY2018 Q3,2018 Mar,2018 Mar 16,201803
20180317,43176,FY2018,FY2018 Q3,2018 Mar,2018 Mar 17,201803
20180318,43177,FY2018,FY2018 Q3,2018 Mar,2018 Mar 18,201803
20180319,43178,FY2018,FY2018 Q3,2018 Mar,2018 Mar 19,201803
20180320,43179,FY2018,FY2018 Q3,2018 Mar,2018 Mar 20,201803
20180321,43180,FY2018,FY2018 Q3,2018 Mar,2018 Mar 21,201803
20180322,43181,FY2018,FY2018 Q3,2018 Mar,2018 Mar 22,201803
20180323,43182,FY2018,FY2018 Q3,2018 Mar,2018 Mar 23,201803
20180324,43183,FY2018,FY2018 Q3,2018 Mar,2018 Mar 24,201803
20180325,43184,FY2018,FY2018 Q3,2018 Mar,2018 Mar 25,201803
20180326,43185,FY2018,FY2018 Q3,2018 Mar,2018 Mar 26,201803
20180327,43186,FY2018,FY2018 Q3,2018 Mar,2018 Mar 27,201803
20180328,43187,FY2018,FY2018 Q3,2018 Mar,2018 Mar 28,201803
20180329,43188,FY2018,FY2018 Q3,2018 Mar,2018 Mar 29,201803
20180330,43189,FY2018,FY2018 Q3,2018 Mar,2018 Mar 30,201803
20180331,43190,FY2018,FY2018 Q3,2018 Mar,2018 Mar 31,201803
20180401,43191,FY2018,FY2018 Q4,2018 Apr,2018 Apr 01,201804
20180402,43192,FY2018,FY2018 Q4,2018 Apr,2018 Apr 02,201804
20180403,43193,FY2018,FY2018 Q4,2018 Apr,2018 Apr 03,201804
20180404,43194,FY2018,FY2018 Q4,2018 Apr,2018 Apr 04,201804
20180405,43195,FY2018,FY2018 Q4,2018 Apr,2018 Apr 05,201804
20180406,43196,FY2018,FY2018 Q4,2018 Apr,2018 Apr 06,201804
20180407,43197,FY2018,FY2018 Q4,2018 Apr,2018 Apr 07,201804
20180408,43198,FY2018,FY2018 Q4,2018 Apr,2018 Apr 08,201804
20180409,43199,FY2018,FY2018 Q4,2018 Apr,2018 Apr 09,201804
20180410,43200,FY2018,FY2018 Q4,2018 Apr,2018 Apr 10,201804
20180411,43201,FY2018,FY2018 Q4,2018 Apr,2018 Apr 11,201804
20180412,43202,FY2018,FY2018 Q4,2018 Apr,2018 Apr 12,201804
20180413,43203,FY2018,FY2018 Q4,2018 Apr,2018 Apr 13,201804
20180414,43204,FY2018,FY2018 Q4,2018 Apr,2018 Apr 14,201804
20180415,43205,FY2018,FY2018 Q4,2018 Apr,2018 Apr 15,201804
20180416,43206,FY2018,FY2018 Q4,2018 Apr,2018 Apr 16,201804
20180417,43207,FY2018,FY2018 Q4,2018 Apr,2018 Apr 17,201804
20180418,43208,FY2018,FY2018 Q4,2018 Apr,2018 Apr 18,201804
20180419,43209,FY2018,FY2018 Q4,2018 Apr,2018 Apr 19,201804
20180420,43210,FY2018,FY2018 Q4,2018 Apr,2018 Apr 20,201804
20180421,43211,FY2018,FY2018 Q4,2018 Apr,2018 Apr 21,201804
20180422,43212,FY2018,FY2018 Q4,2018 Apr,2018 Apr 22,201804
20180423,43213,FY2018,FY2018 Q4,2018 Apr,2018 Apr 23,201804
20180424,43214,FY2018,FY2018 Q4,2018 Apr,2018 Apr 24,201804
20180425,43215,FY2018,FY2018 Q4,2018 Apr,2018 Apr 25,201804
20180426,43216,FY2018,FY2018 Q4,2018 Apr,2018 Apr 26,201804
20180427,43217,FY2018,FY2018 Q4,2018 Apr,2018 Apr 27,201804
20180428,43218,FY2018,FY2018 Q4,2018 Apr,2018 Apr 28,201804
20180429,43219,FY2018,FY2018 Q4,2018 Apr,2018 Apr 29,201804
20180430,43220,FY2018,FY2018 Q4,2018 Apr,2018 Apr 30,201804
20180501,43221,FY2018,FY2018 Q4,2018 May,2018 May 01,201805
20180502,43222,FY2018,FY2018 Q4,2018 May,2018 May 02,201805
20180503,43223,FY2018,FY2018 Q4,2018 May,2018 May 03,201805
20180504,43224,FY2018,FY2018 Q4,2018 May,2018 May 04,201805
20180505,43225,FY2018,FY2018 Q4,2018 May,2018 May 05,201805
20180506,43226,FY2018,FY2018 Q4,2018 May,2018 May 06,201805
20180507,43227,FY2018,FY2018 Q4,2018 May,2018 May 07,201805
20180508,43228,FY2018,FY2018 Q4,2018 May,2018 May 08,201805
20180509,43229,FY2018,FY2018 Q4,2018 May,2018 May 09,201805
20180510,43230,FY2018,FY2018 Q4,2018 May,2018 May 10,201805
20180511,43231,FY2018,FY2018 Q4,2018 May,2018 May 11,201805
20180512,43232,FY2018,FY2018 Q4,2018 May,2018 May 12,201805
20180513,43233,FY2018,FY2018 Q4,2018 May,2018 May 13,201805
20180514,43234,FY2018,FY2018 Q4,2018 May,2018 May 14,201805
20180515,43235,FY2018,FY2018 Q4,2018 May,2018 May 15,201805
20180516,43236,FY2018,FY2018 Q4,2018 May,2018 May 16,201805
20180517,43237,FY2018,FY2018 Q4,2018 May,2018 May 17,201805
20180518,43238,FY2018,FY2018 Q4,2018 May,2018 May 18,201805
20180519,43239,FY2018,FY2018 Q4,2018 May,2018 May 19,201805
20180520,43240,FY2018,FY2018 Q4,2018 May,2018 May 20,201805
20180521,43241,FY2018,FY2018 Q4,2018 May,2018 May 21,201805
20180522,43242,FY2018,FY2018 Q4,2018 May,2018 May 22,201805
20180523,43243,FY2018,FY2018 Q4,2018 May,2018 May 23,201805
20180524,43244,FY2018,FY2018 Q4,2018 May,2018 May 24,201805
20180525,43245,FY2018,FY2018 Q4,2018 May,2018 May 25,201805
20180526,43246,FY2018,FY2018 Q4,2018 May,2018 May 26,201805
20180527,43247,FY2018,FY2018 Q4,2018 May,2018 May 27,201805
20180528,43248,FY2018,FY2018 Q4,2018 May,2018 May 28,201805
20180529,43249,FY2018,FY2018 Q4,2018 May,2018 May 29,201805
20180530,43250,FY2018,FY2018 Q4,2018 May,2018 May 30,201805
20180531,43251,FY2018,FY2018 Q4,2018 May,2018 May 31,201805
20180601,43252,FY2018,FY2018 Q4,2018 Jun,2018 Jun 01,201806
20180602,43253,FY2018,FY2018 Q4,2018 Jun,2018 Jun 02,201806
20180603,43254,FY2018,FY2018 Q4,2018 Jun,2018 Jun 03,201806
20180604,43255,FY2018,FY2018 Q4,2018 Jun,2018 Jun 04,201806
20180605,43256,FY2018,FY2018 Q4,2018 Jun,2018 Jun 05,201806
20180606,43257,FY2018,FY2018 Q4,2018 Jun,2018 Jun 06,201806
20180607,43258,FY2018,FY2018 Q4,2018 Jun,2018 Jun 07,201806
20180608,43259,FY2018,FY2018 Q4,2018 Jun,2018 Jun 08,201806
20180609,43260,FY2018,FY2018 Q4,2018 Jun,2018 Jun 09,201806
20180610,43261,FY2018,FY2018 Q4,2018 Jun,2018 Jun 10,201806
20180611,43262,FY2018,FY2018 Q4,2018 Jun,2018 Jun 11,201806
20180612,43263,FY2018,FY2018 Q4,2018 Jun,2018 Jun 12,201806
20180613,43264,FY2018,FY2018 Q4,2018 Jun,2018 Jun 13,201806
20180614,43265,FY2018,FY2018 Q4,2018 Jun,2018 Jun 14,201806
20180615,43266,FY2018,FY2018 Q4,2018 Jun,2018 Jun 15,201806
20180616,43267,FY2018,FY2018 Q4,2018 Jun,2018 Jun 16,201806
20180617,43268,FY2018,FY2018 Q4,2018 Jun,2018 Jun 17,201806
20180618,43269,FY2018,FY2018 Q4,2018 Jun,2018 Jun 18,201806
20180619,43270,FY2018,FY2018 Q4,2018 Jun,2018 Jun 19,201806
20180620,43271,FY2018,FY2018 Q4,2018 Jun,2018 Jun 20,201806
20180621,43272,FY2018,FY2018 Q4,2018 Jun,2018 Jun 21,201806
20180622,43273,FY2018,FY2018 Q4,2018 Jun,2018 Jun 22,201806
20180623,43274,FY2018,FY2018 Q4,2018 Jun,2018 Jun 23,201806
20180624,43275,FY2018,FY2018 Q4,2018 Jun,2018 Jun 24,201806
20180625,43276,FY2018,FY2018 Q4,2018 Jun,2018 Jun 25,201806
20180626,43277,FY2018,FY2018 Q4,2018 Jun,2018 Jun 26,201806
20180627,43278,FY2018,FY2018 Q4,2018 Jun,2018 Jun 27,201806
20180628,43279,FY2018,FY2018 Q4,2018 Jun,2018 Jun 28,201806
20180629,43280,FY2018,FY2018 Q4,2018 Jun,2018 Jun 29,201806
20180630,43281,FY2018,FY2018 Q4,2018 Jun,2018 Jun 30,201806
20180701,43282,FY2019,FY2019 Q1,2018 Jul,2018 Jul 01,201807
20180702,43283,FY2019,FY2019 Q1,2018 Jul,2018 Jul 02,201807
20180703,43284,FY2019,FY2019 Q1,2018 Jul,2018 Jul 03,201807
20180704,43285,FY2019,FY2019 Q1,2018 Jul,2018 Jul 04,201807
20180705,43286,FY2019,FY2019 Q1,2018 Jul,2018 Jul 05,201807
20180706,43287,FY2019,FY2019 Q1,2018 Jul,2018 Jul 06,201807
20180707,43288,FY2019,FY2019 Q1,2018 Jul,2018 Jul 07,201807
20180708,43289,FY2019,FY2019 Q1,2018 Jul,2018 Jul 08,201807
20180709,43290,FY2019,FY2019 Q1,2018 Jul,2018 Jul 09,201807
20180710,43291,FY2019,FY2019 Q1,2018 Jul,2018 Jul 10,201807
20180711,43292,FY2019,FY2019 Q1,2018 Jul,2018 Jul 11,201807
20180712,43293,FY2019,FY2019 Q1,2018 Jul,2018 Jul 12,201807
20180713,43294,FY2019,FY2019 Q1,2018 Jul,2018 Jul 13,201807
20180714,43295,FY2019,FY2019 Q1,2018 Jul,2018 Jul 14,201807
20180715,43296,FY2019,FY2019 Q1,2018 Jul,2018 Jul 15,201807
20180716,43297,FY2019,FY2019 Q1,2018 Jul,2018 Jul 16,201807
20180717,43298,FY2019,FY2019 Q1,2018 Jul,2018 Jul 17,201807
20180718,43299,FY2019,FY2019 Q1,2018 Jul,2018 Jul 18,201807
20180719,43300,FY2019,FY2019 Q1,2018 Jul,2018 Jul 19,201807
20180720,43301,FY2019,FY2019 Q1,2018 Jul,2018 Jul 20,201807
20180721,43302,FY2019,FY2019 Q1,2018 Jul,2018 Jul 21,201807
20180722,43303,FY2019,FY2019 Q1,2018 Jul,2018 Jul 22,201807
20180723,43304,FY2019,FY2019 Q1,2018 Jul,2018 Jul 23,201807
20180724,43305,FY2019,FY2019 Q1,2018 Jul,2018 Jul 24,201807
20180725,43306,FY2019,FY2019 Q1,2018 Jul,2018 Jul 25,201807
20180726,43307,FY2019,FY2019 Q1,2018 Jul,2018 Jul 26,201807
20180727,43308,FY2019,FY2019 Q1,2018 Jul,2018 Jul 27,201807
20180728,43309,FY2019,FY2019 Q1,2018 Jul,2018 Jul 28,201807
20180729,43310,FY2019,FY2019 Q1,2018 Jul,2018 Jul 29,201807
20180730,43311,FY2019,FY2019 Q1,2018 Jul,2018 Jul 30,201807
20180731,43312,FY2019,FY2019 Q1,2018 Jul,2018 Jul 31,201807
20180801,43313,FY2019,FY2019 Q1,2018 Aug,2018 Aug 01,201808
20180802,43314,FY2019,FY2019 Q1,2018 Aug,2018 Aug 02,201808
20180803,43315,FY2019,FY2019 Q1,2018 Aug,2018 Aug 03,201808
20180804,43316,FY2019,FY2019 Q1,2018 Aug,2018 Aug 04,201808
20180805,43317,FY2019,FY2019 Q1,2018 Aug,2018 Aug 05,201808
20180806,43318,FY2019,FY2019 Q1,2018 Aug,2018 Aug 06,201808
20180807,43319,FY2019,FY2019 Q1,2018 Aug,2018 Aug 07,201808
20180808,43320,FY2019,FY2019 Q1,2018 Aug,2018 Aug 08,201808
20180809,43321,FY2019,FY2019 Q1,2018 Aug,2018 Aug 09,201808
20180810,43322,FY2019,FY2019 Q1,2018 Aug,2018 Aug 10,201808
20180811,43323,FY2019,FY2019 Q1,2018 Aug,2018 Aug 11,201808
20180812,43324,FY2019,FY2019 Q1,2018 Aug,2018 Aug 12,201808
20180813,43325,FY2019,FY2019 Q1,2018 Aug,2018 Aug 13,201808
20180814,43326,FY2019,FY2019 Q1,2018 Aug,2018 Aug 14,201808
20180815,43327,FY2019,FY2019 Q1,2018 Aug,2018 Aug 15,201808
20180816,43328,FY2019,FY2019 Q1,2018 Aug,2018 Aug 16,201808
20180817,43329,FY2019,FY2019 Q1,2018 Aug,2018 Aug 17,201808
20180818,43330,FY2019,FY2019 Q1,2018 Aug,2018 Aug 18,201808
20180819,43331,FY2019,FY2019 Q1,2018 Aug,2018 Aug 19,201808
20180820,43332,FY2019,FY2019 Q1,2018 Aug,2018 Aug 20,201808
20180821,43333,FY2019,FY2019 Q1,2018 Aug,2018 Aug 21,201808
20180822,43334,FY2019,FY2019 Q1,2018 Aug,2018 Aug 22,201808
20180823,43335,FY2019,FY2019 Q1,2018 Aug,2018 Aug 23,201808
20180824,43336,FY2019,FY2019 Q1,2018 Aug,2018 Aug 24,201808
20180825,43337,FY2019,FY2019 Q1,2018 Aug,2018 Aug 25,201808
20180826,43338,FY2019,FY2019 Q1,2018 Aug,2018 Aug 26,201808
20180827,43339,FY2019,FY2019 Q1,2018 Aug,2018 Aug 27,201808
20180828,43340,FY2019,FY2019 Q1,2018 Aug,2018 Aug 28,201808
20180829,43341,FY2019,FY2019 Q1,2018 Aug,2018 Aug 29,201808
20180830,43342,FY2019,FY2019 Q1,2018 Aug,2018 Aug 30,201808
20180831,43343,FY2019,FY2019 Q1,2018 Aug,2018 Aug 31,201808
20180901,43344,FY2019,FY2019 Q1,2018 Sep,2018 Sep 01,201809
20180902,43345,FY2019,FY2019 Q1,2018 Sep,2018 Sep 02,201809
20180903,43346,FY2019,FY2019 Q1,2018 Sep,2018 Sep 03,201809
20180904,43347,FY2019,FY2019 Q1,2018 Sep,2018 Sep 04,201809
20180905,43348,FY2019,FY2019 Q1,2018 Sep,2018 Sep 05,201809
20180906,43349,FY2019,FY2019 Q1,2018 Sep,2018 Sep 06,201809
20180907,43350,FY2019,FY2019 Q1,2018 Sep,2018 Sep 07,201809
20180908,43351,FY2019,FY2019 Q1,2018 Sep,2018 Sep 08,201809
20180909,43352,FY2019,FY2019 Q1,2018 Sep,2018 Sep 09,201809
20180910,43353,FY2019,FY2019 Q1,2018 Sep,2018 Sep 10,201809
20180911,43354,FY2019,FY2019 Q1,2018 Sep,2018 Sep 11,201809
20180912,43355,FY2019,FY2019 Q1,2018 Sep,2018 Sep 12,201809
20180913,43356,FY2019,FY2019 Q1,2018 Sep,2018 Sep 13,201809
20180914,43357,FY2019,FY2019 Q1,2018 Sep,2018 Sep 14,201809
20180915,43358,FY2019,FY2019 Q1,2018 Sep,2018 Sep 15,201809
20180916,43359,FY2019,FY2019 Q1,2018 Sep,2018 Sep 16,201809
20180917,43360,FY2019,FY2019 Q1,2018 Sep,2018 Sep 17,201809
20180918,43361,FY2019,FY2019 Q1,2018 Sep,2018 Sep 18,201809
20180919,43362,FY2019,FY2019 Q1,2018 Sep,2018 Sep 19,201809
20180920,43363,FY2019,FY2019 Q1,2018 Sep,2018 Sep 20,201809
20180921,43364,FY2019,FY2019 Q1,2018 Sep,2018 Sep 21,201809
20180922,43365,FY2019,FY2019 Q1,2018 Sep,2018 Sep 22,201809
20180923,43366,FY2019,FY2019 Q1,2018 Sep,2018 Sep 23,201809
20180924,43367,FY2019,FY2019 Q1,2018 Sep,2018 Sep 24,201809
20180925,43368,FY2019,FY2019 Q1,2018 Sep,2018 Sep 25,201809
20180926,43369,FY2019,FY2019 Q1,2018 Sep,2018 Sep 26,201809
20180927,43370,FY2019,FY2019 Q1,2018 Sep,2018 Sep 27,201809
20180928,43371,FY2019,FY2019 Q1,2018 Sep,2018 Sep 28,201809
20180929,43372,FY2019,FY2019 Q1,2018 Sep,2018 Sep 29,201809
20180930,43373,FY2019,FY2019 Q1,2018 Sep,2018 Sep 30,201809
20181001,43374,FY2019,FY2019 Q2,2018 Oct,2018 Oct 01,201810
20181002,43375,FY2019,FY2019 Q2,2018 Oct,2018 Oct 02,201810
20181003,43376,FY2019,FY2019 Q2,2018 Oct,2018 Oct 03,201810
20181004,43377,FY2019,FY2019 Q2,2018 Oct,2018 Oct 04,201810
20181005,43378,FY2019,FY2019 Q2,2018 Oct,2018 Oct 05,201810
20181006,43379,FY2019,FY2019 Q2,2018 Oct,2018 Oct 06,201810
20181007,43380,FY2019,FY2019 Q2,2018 Oct,2018 Oct 07,201810
20181008,43381,FY2019,FY2019 Q2,2018 Oct,2018 Oct 08,201810
20181009,43382,FY2019,FY2019 Q2,2018 Oct,2018 Oct 09,201810
20181010,43383,FY2019,FY2019 Q2,2018 Oct,2018 Oct 10,201810
20181011,43384,FY2019,FY2019 Q2,2018 Oct,2018 Oct 11,201810
20181012,43385,FY2019,FY2019 Q2,2018 Oct,2018 Oct 12,201810
20181013,43386,FY2019,FY2019 Q2,2018 Oct,2018 Oct 13,201810
20181014,43387,FY2019,FY2019 Q2,2018 Oct,2018 Oct 14,201810
20181015,43388,FY2019,FY2019 Q2,2018 Oct,2018 Oct 15,201810
20181016,43389,FY2019,FY2019 Q2,2018 Oct,2018 Oct 16,201810
20181017,43390,FY2019,FY2019 Q2,2018 Oct,2018 Oct 17,201810
20181018,43391,FY2019,FY2019 Q2,2018 Oct,2018 Oct 18,201810
20181019,43392,FY2019,FY2019 Q2,2018 Oct,2018 Oct 19,201810
20181020,43393,FY2019,FY2019 Q2,2018 Oct,2018 Oct 20,201810
20181021,43394,FY2019,FY2019 Q2,2018 Oct,2018 Oct 21,201810
20181022,43395,FY2019,FY2019 Q2,2018 Oct,2018 Oct 22,201810
20181023,43396,FY2019,FY2019 Q2,2018 Oct,2018 Oct 23,201810
20181024,43397,FY2019,FY2019 Q2,2018 Oct,2018 Oct 24,201810
20181025,43398,FY2019,FY2019 Q2,2018 Oct,2018 Oct 25,201810
20181026,43399,FY2019,FY2019 Q2,2018 Oct,2018 Oct 26,201810
20181027,43400,FY2019,FY2019 Q2,2018 Oct,2018 Oct 27,201810
20181028,43401,FY2019,FY2019 Q2,2018 Oct,2018 Oct 28,201810
20181029,43402,FY2019,FY2019 Q2,2018 Oct,2018 Oct 29,201810
20181030,43403,FY2019,FY2019 Q2,2018 Oct,2018 Oct 30,201810
20181031,43404,FY2019,FY2019 Q2,2018 Oct,2018 Oct 31,201810
20181101,43405,FY2019,FY2019 Q2,2018 Nov,2018 Nov 01,201811
20181102,43406,FY2019,FY2019 Q2,2018 Nov,2018 Nov 02,201811
20181103,43407,FY2019,FY2019 Q2,2018 Nov,2018 Nov 03,201811
20181104,43408,FY2019,FY2019 Q2,2018 Nov,2018 Nov 04,201811
20181105,43409,FY2019,FY2019 Q2,2018 Nov,2018 Nov 05,201811
20181106,43410,FY2019,FY2019 Q2,2018 Nov,2018 Nov 06,201811
20181107,43411,FY2019,FY2019 Q2,2018 Nov,2018 Nov 07,201811
20181108,43412,FY2019,FY2019 Q2,2018 Nov,2018 Nov 08,201811
20181109,43413,FY2019,FY2019 Q2,2018 Nov,2018 Nov 09,201811
20181110,43414,FY2019,FY2019 Q2,2018 Nov,2018 Nov 10,201811
20181111,43415,FY2019,FY2019 Q2,2018 Nov,2018 Nov 11,201811
20181112,43416,FY2019,FY2019 Q2,2018 Nov,2018 Nov 12,201811
20181113,43417,FY2019,FY2019 Q2,2018 Nov,2018 Nov 13,201811
20181114,43418,FY2019,FY2019 Q2,2018 Nov,2018 Nov 14,201811
20181115,43419,FY2019,FY2019 Q2,2018 Nov,2018 Nov 15,201811
20181116,43420,FY2019,FY2019 Q2,2018 Nov,2018 Nov 16,201811
20181117,43421,FY2019,FY2019 Q2,2018 Nov,2018 Nov 17,201811
20181118,43422,FY2019,FY2019 Q2,2018 Nov,2018 Nov 18,201811
20181119,43423,FY2019,FY2019 Q2,2018 Nov,2018 Nov 19,201811
20181120,43424,FY2019,FY2019 Q2,2018 Nov,2018 Nov 20,201811
20181121,43425,FY2019,FY2019 Q2,2018 Nov,2018 Nov 21,201811
20181122,43426,FY2019,FY2019 Q2,2018 Nov,2018 Nov 22,201811
20181123,43427,FY2019,FY2019 Q2,2018 Nov,2018 Nov 23,201811
20181124,43428,FY2019,FY2019 Q2,2018 Nov,2018 Nov 24,201811
20181125,43429,FY2019,FY2019 Q2,2018 Nov,2018 Nov 25,201811
20181126,43430,FY2019,FY2019 Q2,2018 Nov,2018 Nov 26,201811
20181127,43431,FY2019,FY2019 Q2,2018 Nov,2018 Nov 27,201811
20181128,43432,FY2019,FY2019 Q2,2018 Nov,2018 Nov 28,201811
20181129,43433,FY2019,FY2019 Q2,2018 Nov,2018 Nov 29,201811
20181130,43434,FY2019,FY2019 Q2,2018 Nov,2018 Nov 30,201811
20181201,43435,FY2019,FY2019 Q2,2018 Dec,2018 Dec 01,201812
20181202,43436,FY2019,FY2019 Q2,2018 Dec,2018 Dec 02,201812
20181203,43437,FY2019,FY2019 Q2,2018 Dec,2018 Dec 03,201812
20181204,43438,FY2019,FY2019 Q2,2018 Dec,2018 Dec 04,201812
20181205,43439,FY2019,FY2019 Q2,2018 Dec,2018 Dec 05,201812
20181206,43440,FY2019,FY2019 Q2,2018 Dec,2018 Dec 06,201812
20181207,43441,FY2019,FY2019 Q2,2018 Dec,2018 Dec 07,201812
20181208,43442,FY2019,FY2019 Q2,2018 Dec,2018 Dec 08,201812
20181209,43443,FY2019,FY2019 Q2,2018 Dec,2018 Dec 09,201812
20181210,43444,FY2019,FY2019 Q2,2018 Dec,2018 Dec 10,201812
20181211,43445,FY2019,FY2019 Q2,2018 Dec,2018 Dec 11,201812
20181212,43446,FY2019,FY2019 Q2,2018 Dec,2018 Dec 12,201812
20181213,43447,FY2019,FY2019 Q2,2018 Dec,2018 Dec 13,201812
20181214,43448,FY2019,FY2019 Q2,2018 Dec,2018 Dec 14,201812
20181215,43449,FY2019,FY2019 Q2,2018 Dec,2018 Dec 15,201812
20181216,43450,FY2019,FY2019 Q2,2018 Dec,2018 Dec 16,201812
20181217,43451,FY2019,FY2019 Q2,2018 Dec,2018 Dec 17,201812
20181218,43452,FY2019,FY2019 Q2,2018 Dec,2018 Dec 18,201812
20181219,43453,FY2019,FY2019 Q2,2018 Dec,2018 Dec 19,201812
20181220,43454,FY2019,FY2019 Q2,2018 Dec,2018 Dec 20,201812
20181221,43455,FY2019,FY2019 Q2,2018 Dec,2018 Dec 21,201812
20181222,43456,FY2019,FY2019 Q2,2018 Dec,2018 Dec 22,201812
20181223,43457,FY2019,FY2019 Q2,2018 Dec,2018 Dec 23,201812
20181224,43458,FY2019,FY2019 Q2,2018 Dec,2018 Dec 24,201812
20181225,43459,FY2019,FY2019 Q2,2018 Dec,2018 Dec 25,201812
20181226,43460,FY2019,FY2019 Q2,2018 Dec,2018 Dec 26,201812
20181227,43461,FY2019,FY2019 Q2,2018 Dec,2018 Dec 27,201812
20181228,43462,FY2019,FY2019 Q2,2018 Dec,2018 Dec 28,201812
20181229,43463,FY2019,FY2019 Q2,2018 Dec,2018 Dec 29,201812
20181230,43464,FY2019,FY2019 Q2,2018 Dec,2018 Dec 30,201812
20181231,43465,FY2019,FY2019 Q2,2018 Dec,2018 Dec 31,201812
20190101,43466,FY2019,FY2019 Q3,2019 Jan,2019 Jan 01,201901
20190102,43467,FY2019,FY2019 Q3,2019 Jan,2019 Jan 02,201901
20190103,43468,FY2019,FY2019 Q3,2019 Jan,2019 Jan 03,201901
20190104,43469,FY2019,FY2019 Q3,2019 Jan,2019 Jan 04,201901
20190105,43470,FY2019,FY2019 Q3,2019 Jan,2019 Jan 05,201901
20190106,43471,FY2019,FY2019 Q3,2019 Jan,2019 Jan 06,201901
20190107,43472,FY2019,FY2019 Q3,2019 Jan,2019 Jan 07,201901
20190108,43473,FY2019,FY2019 Q3,2019 Jan,2019 Jan 08,201901
20190109,43474,FY2019,FY2019 Q3,2019 Jan,2019 Jan 09,201901
20190110,43475,FY2019,FY2019 Q3,2019 Jan,2019 Jan 10,201901
20190111,43476,FY2019,FY2019 Q3,2019 Jan,2019 Jan 11,201901
20190112,43477,FY2019,FY2019 Q3,2019 Jan,2019 Jan 12,201901
20190113,43478,FY2019,FY2019 Q3,2019 Jan,2019 Jan 13,201901
20190114,43479,FY2019,FY2019 Q3,2019 Jan,2019 Jan 14,201901
20190115,43480,FY2019,FY2019 Q3,2019 Jan,2019 Jan 15,201901
20190116,43481,FY2019,FY2019 Q3,2019 Jan,2019 Jan 16,201901
20190117,43482,FY2019,FY2019 Q3,2019 Jan,2019 Jan 17,201901
20190118,43483,FY2019,FY2019 Q3,2019 Jan,2019 Jan 18,201901
20190119,43484,FY2019,FY2019 Q3,2019 Jan,2019 Jan 19,201901
20190120,43485,FY2019,FY2019 Q3,2019 Jan,2019 Jan 20,201901
20190121,43486,FY2019,FY2019 Q3,2019 Jan,2019 Jan 21,201901
20190122,43487,FY2019,FY2019 Q3,2019 Jan,2019 Jan 22,201901
20190123,43488,FY2019,FY2019 Q3,2019 Jan,2019 Jan 23,201901
20190124,43489,FY2019,FY2019 Q3,2019 Jan,2019 Jan 24,201901
20190125,43490,FY2019,FY2019 Q3,2019 Jan,2019 Jan 25,201901
20190126,43491,FY2019,FY2019 Q3,2019 Jan,2019 Jan 26,201901
20190127,43492,FY2019,FY2019 Q3,2019 Jan,2019 Jan 27,201901
20190128,43493,FY2019,FY2019 Q3,2019 Jan,2019 Jan 28,201901
20190129,43494,FY2019,FY2019 Q3,2019 Jan,2019 Jan 29,201901
20190130,43495,FY2019,FY2019 Q3,2019 Jan,2019 Jan 30,201901
20190131,43496,FY2019,FY2019 Q3,2019 Jan,2019 Jan 31,201901
20190201,43497,FY2019,FY2019 Q3,2019 Feb,2019 Feb 01,201902
20190202,43498,FY2019,FY2019 Q3,2019 Feb,2019 Feb 02,201902
20190203,43499,FY2019,FY2019 Q3,2019 Feb,2019 Feb 03,201902
20190204,43500,FY2019,FY2019 Q3,2019 Feb,2019 Feb 04,201902
20190205,43501,FY2019,FY2019 Q3,2019 Feb,2019 Feb 05,201902
20190206,43502,FY2019,FY2019 Q3,2019 Feb,2019 Feb 06,201902
20190207,43503,FY2019,FY2019 Q3,2019 Feb,2019 Feb 07,201902
20190208,43504,FY2019,FY2019 Q3,2019 Feb,2019 Feb 08,201902
20190209,43505,FY2019,FY2019 Q3,2019 Feb,2019 Feb 09,201902
20190210,43506,FY2019,FY2019 Q3,2019 Feb,2019 Feb 10,201902
20190211,43507,FY2019,FY2019 Q3,2019 Feb,2019 Feb 11,201902
20190212,43508,FY2019,FY2019 Q3,2019 Feb,2019 Feb 12,201902
20190213,43509,FY2019,FY2019 Q3,2019 Feb,2019 Feb 13,201902
20190214,43510,FY2019,FY2019 Q3,2019 Feb,2019 Feb 14,201902
20190215,43511,FY2019,FY2019 Q3,2019 Feb,2019 Feb 15,201902
20190216,43512,FY2019,FY2019 Q3,2019 Feb,2019 Feb 16,201902
20190217,43513,FY2019,FY2019 Q3,2019 Feb,2019 Feb 17,201902
20190218,43514,FY2019,FY2019 Q3,2019 Feb,2019 Feb 18,201902
20190219,43515,FY2019,FY2019 Q3,2019 Feb,2019 Feb 19,201902
20190220,43516,FY2019,FY2019 Q3,2019 Feb,2019 Feb 20,201902
20190221,43517,FY2019,FY2019 Q3,2019 Feb,2019 Feb 21,201902
20190222,43518,FY2019,FY2019 Q3,2019 Feb,2019 Feb 22,201902
20190223,43519,FY2019,FY2019 Q3,2019 Feb,2019 Feb 23,201902
20190224,43520,FY2019,FY2019 Q3,2019 Feb,2019 Feb 24,201902
20190225,43521,FY2019,FY2019 Q3,2019 Feb,2019 Feb 25,201902
20190226,43522,FY2019,FY2019 Q3,2019 Feb,2019 Feb 26,201902
20190227,43523,FY2019,FY2019 Q3,2019 Feb,2019 Feb 27,201902
20190228,43524,FY2019,FY2019 Q3,2019 Feb,2019 Feb 28,201902
20190301,43525,FY2019,FY2019 Q3,2019 Mar,2019 Mar 01,201903
20190302,43526,FY2019,FY2019 Q3,2019 Mar,2019 Mar 02,201903
20190303,43527,FY2019,FY2019 Q3,2019 Mar,2019 Mar 03,201903
20190304,43528,FY2019,FY2019 Q3,2019 Mar,2019 Mar 04,201903
20190305,43529,FY2019,FY2019 Q3,2019 Mar,2019 Mar 05,201903
20190306,43530,FY2019,FY2019 Q3,2019 Mar,2019 Mar 06,201903
20190307,43531,FY2019,FY2019 Q3,2019 Mar,2019 Mar 07,201903
20190308,43532,FY2019,FY2019 Q3,2019 Mar,2019 Mar 08,201903
20190309,43533,FY2019,FY2019 Q3,2019 Mar,2019 Mar 09,201903
20190310,43534,FY2019,FY2019 Q3,2019 Mar,2019 Mar 10,201903
20190311,43535,FY2019,FY2019 Q3,2019 Mar,2019 Mar 11,201903
20190312,43536,FY2019,FY2019 Q3,2019 Mar,2019 Mar 12,201903
20190313,43537,FY2019,FY2019 Q3,2019 Mar,2019 Mar 13,201903
20190314,43538,FY2019,FY2019 Q3,2019 Mar,2019 Mar 14,201903
20190315,43539,FY2019,FY2019 Q3,2019 Mar,2019 Mar 15,201903
20190316,43540,FY2019,FY2019 Q3,2019 Mar,2019 Mar 16,201903
20190317,43541,FY2019,FY2019 Q3,2019 Mar,2019 Mar 17,201903
20190318,43542,FY2019,FY2019 Q3,2019 Mar,2019 Mar 18,201903
20190319,43543,FY2019,FY2019 Q3,2019 Mar,2019 Mar 19,201903
20190320,43544,FY2019,FY2019 Q3,2019 Mar,2019 Mar 20,201903
20190321,43545,FY2019,FY2019 Q3,2019 Mar,2019 Mar 21,201903
20190322,43546,FY2019,FY2019 Q3,2019 Mar,2019 Mar 22,201903
20190323,43547,FY2019,FY2019 Q3,2019 Mar,2019 Mar 23,201903
20190324,43548,FY2019,FY2019 Q3,2019 Mar,2019 Mar 24,201903
20190325,43549,FY2019,FY2019 Q3,2019 Mar,2019 Mar 25,201903
20190326,43550,FY2019,FY2019 Q3,2019 Mar,2019 Mar 26,201903
20190327,43551,FY2019,FY2019 Q3,2019 Mar,2019 Mar 27,201903
20190328,43552,FY2019,FY2019 Q3,2019 Mar,2019 Mar 28,201903
20190329,43553,FY2019,FY2019 Q3,2019 Mar,2019 Mar 29,201903
20190330,43554,FY2019,FY2019 Q3,2019 Mar,2019 Mar 30,201903
20190331,43555,FY2019,FY2019 Q3,2019 Mar,2019 Mar 31,201903
20190401,43556,FY2019,FY2019 Q4,2019 Apr,2019 Apr 01,201904
20190402,43557,FY2019,FY2019 Q4,2019 Apr,2019 Apr 02,201904
20190403,43558,FY2019,FY2019 Q4,2019 Apr,2019 Apr 03,201904
20190404,43559,FY2019,FY2019 Q4,2019 Apr,2019 Apr 04,201904
20190405,43560,FY2019,FY2019 Q4,2019 Apr,2019 Apr 05,201904
20190406,43561,FY2019,FY2019 Q4,2019 Apr,2019 Apr 06,201904
20190407,43562,FY2019,FY2019 Q4,2019 Apr,2019 Apr 07,201904
20190408,43563,FY2019,FY2019 Q4,2019 Apr,2019 Apr 08,201904
20190409,43564,FY2019,FY2019 Q4,2019 Apr,2019 Apr 09,201904
20190410,43565,FY2019,FY2019 Q4,2019 Apr,2019 Apr 10,201904
20190411,43566,FY2019,FY2019 Q4,2019 Apr,2019 Apr 11,201904
20190412,43567,FY2019,FY2019 Q4,2019 Apr,2019 Apr 12,201904
20190413,43568,FY2019,FY2019 Q4,2019 Apr,2019 Apr 13,201904
20190414,43569,FY2019,FY2019 Q4,2019 Apr,2019 Apr 14,201904
20190415,43570,FY2019,FY2019 Q4,2019 Apr,2019 Apr 15,201904
20190416,43571,FY2019,FY2019 Q4,2019 Apr,2019 Apr 16,201904
20190417,43572,FY2019,FY2019 Q4,2019 Apr,2019 Apr 17,201904
20190418,43573,FY2019,FY2019 Q4,2019 Apr,2019 Apr 18,201904
20190419,43574,FY2019,FY2019 Q4,2019 Apr,2019 Apr 19,201904
20190420,43575,FY2019,FY2019 Q4,2019 Apr,2019 Apr 20,201904
20190421,43576,FY2019,FY2019 Q4,2019 Apr,2019 Apr 21,201904
20190422,43577,FY2019,FY2019 Q4,2019 Apr,2019 Apr 22,201904
20190423,43578,FY2019,FY2019 Q4,2019 Apr,2019 Apr 23,201904
20190424,43579,FY2019,FY2019 Q4,2019 Apr,2019 Apr 24,201904
20190425,43580,FY2019,FY2019 Q4,2019 Apr,2019 Apr 25,201904
20190426,43581,FY2019,FY2019 Q4,2019 Apr,2019 Apr 26,201904
20190427,43582,FY2019,FY2019 Q4,2019 Apr,2019 Apr 27,201904
20190428,43583,FY2019,FY2019 Q4,2019 Apr,2019 Apr 28,201904
20190429,43584,FY2019,FY2019 Q4,2019 Apr,2019 Apr 29,201904
20190430,43585,FY2019,FY2019 Q4,2019 Apr,2019 Apr 30,201904
20190501,43586,FY2019,FY2019 Q4,2019 May,2019 May 01,201905
20190502,43587,FY2019,FY2019 Q4,2019 May,2019 May 02,201905
20190503,43588,FY2019,FY2019 Q4,2019 May,2019 May 03,201905
20190504,43589,FY2019,FY2019 Q4,2019 May,2019 May 04,201905
20190505,43590,FY2019,FY2019 Q4,2019 May,2019 May 05,201905
20190506,43591,FY2019,FY2019 Q4,2019 May,2019 May 06,201905
20190507,43592,FY2019,FY2019 Q4,2019 May,2019 May 07,201905
20190508,43593,FY2019,FY2019 Q4,2019 May,2019 May 08,201905
20190509,43594,FY2019,FY2019 Q4,2019 May,2019 May 09,201905
20190510,43595,FY2019,FY2019 Q4,2019 May,2019 May 10,201905
20190511,43596,FY2019,FY2019 Q4,2019 May,2019 May 11,201905
20190512,43597,FY2019,FY2019 Q4,2019 May,2019 May 12,201905
20190513,43598,FY2019,FY2019 Q4,2019 May,2019 May 13,201905
20190514,43599,FY2019,FY2019 Q4,2019 May,2019 May 14,201905
20190515,43600,FY2019,FY2019 Q4,2019 May,2019 May 15,201905
20190516,43601,FY2019,FY2019 Q4,2019 May,2019 May 16,201905
20190517,43602,FY2019,FY2019 Q4,2019 May,2019 May 17,201905
20190518,43603,FY2019,FY2019 Q4,2019 May,2019 May 18,201905
20190519,43604,FY2019,FY2019 Q4,2019 May,2019 May 19,201905
20190520,43605,FY2019,FY2019 Q4,2019 May,2019 May 20,201905
20190521,43606,FY2019,FY2019 Q4,2019 May,2019 May 21,201905
20190522,43607,FY2019,FY2019 Q4,2019 May,2019 May 22,201905
20190523,43608,FY2019,FY2019 Q4,2019 May,2019 May 23,201905
20190524,43609,FY2019,FY2019 Q4,2019 May,2019 May 24,201905
20190525,43610,FY2019,FY2019 Q4,2019 May,2019 May 25,201905
20190526,43611,FY2019,FY2019 Q4,2019 May,2019 May 26,201905
20190527,43612,FY2019,FY2019 Q4,2019 May,2019 May 27,201905
20190528,43613,FY2019,FY2019 Q4,2019 May,2019 May 28,201905
20190529,43614,FY2019,FY2019 Q4,2019 May,2019 May 29,201905
20190530,43615,FY2019,FY2019 Q4,2019 May,2019 May 30,201905
20190531,43616,FY2019,FY2019 Q4,2019 May,2019 May 31,201905
20190601,43617,FY2019,FY2019 Q4,2019 Jun,2019 Jun 01,201906
20190602,43618,FY2019,FY2019 Q4,2019 Jun,2019 Jun 02,201906
20190603,43619,FY2019,FY2019 Q4,2019 Jun,2019 Jun 03,201906
20190604,43620,FY2019,FY2019 Q4,2019 Jun,2019 Jun 04,201906
20190605,43621,FY2019,FY2019 Q4,2019 Jun,2019 Jun 05,201906
20190606,43622,FY2019,FY2019 Q4,2019 Jun,2019 Jun 06,201906
20190607,43623,FY2019,FY2019 Q4,2019 Jun,2019 Jun 07,201906
20190608,43624,FY2019,FY2019 Q4,2019 Jun,2019 Jun 08,201906
20190609,43625,FY2019,FY2019 Q4,2019 Jun,2019 Jun 09,201906
20190610,43626,FY2019,FY2019 Q4,2019 Jun,2019 Jun 10,201906
20190611,43627,FY2019,FY2019 Q4,2019 Jun,2019 Jun 11,201906
20190612,43628,FY2019,FY2019 Q4,2019 Jun,2019 Jun 12,201906
20190613,43629,FY2019,FY2019 Q4,2019 Jun,2019 Jun 13,201906
20190614,43630,FY2019,FY2019 Q4,2019 Jun,2019 Jun 14,201906
20190615,43631,FY2019,FY2019 Q4,2019 Jun,2019 Jun 15,201906
20190616,43632,FY2019,FY2019 Q4,2019 Jun,2019 Jun 16,201906
20190617,43633,FY2019,FY2019 Q4,2019 Jun,2019 Jun 17,201906
20190618,43634,FY2019,FY2019 Q4,2019 Jun,2019 Jun 18,201906
20190619,43635,FY2019,FY2019 Q4,2019 Jun,2019 Jun 19,201906
20190620,43636,FY2019,FY2019 Q4,2019 Jun,2019 Jun 20,201906
20190621,43637,FY2019,FY2019 Q4,2019 Jun,2019 Jun 21,201906
20190622,43638,FY2019,FY2019 Q4,2019 Jun,2019 Jun 22,201906
20190623,43639,FY2019,FY2019 Q4,2019 Jun,2019 Jun 23,201906
20190624,43640,FY2019,FY2019 Q4,2019 Jun,2019 Jun 24,201906
20190625,43641,FY2019,FY2019 Q4,2019 Jun,2019 Jun 25,201906
20190626,43642,FY2019,FY2019 Q4,2019 Jun,2019 Jun 26,201906
20190627,43643,FY2019,FY2019 Q4,2019 Jun,2019 Jun 27,201906
20190628,43644,FY2019,FY2019 Q4,2019 Jun,2019 Jun 28,201906
20190629,43645,FY2019,FY2019 Q4,2019 Jun,2019 Jun 29,201906
20190630,43646,FY2019,FY2019 Q4,2019 Jun,2019 Jun 30,201906
20190701,43647,FY2020,FY2020 Q1,2019 Jul,2019 Jul 01,201907
20190702,43648,FY2020,FY2020 Q1,2019 Jul,2019 Jul 02,201907
20190703,43649,FY2020,FY2020 Q1,2019 Jul,2019 Jul 03,201907
20190704,43650,FY2020,FY2020 Q1,2019 Jul,2019 Jul 04,201907
20190705,43651,FY2020,FY2020 Q1,2019 Jul,2019 Jul 05,201907
20190706,43652,FY2020,FY2020 Q1,2019 Jul,2019 Jul 06,201907
20190707,43653,FY2020,FY2020 Q1,2019 Jul,2019 Jul 07,201907
20190708,43654,FY2020,FY2020 Q1,2019 Jul,2019 Jul 08,201907
20190709,43655,FY2020,FY2020 Q1,2019 Jul,2019 Jul 09,201907
20190710,43656,FY2020,FY2020 Q1,2019 Jul,2019 Jul 10,201907
20190711,43657,FY2020,FY2020 Q1,2019 Jul,2019 Jul 11,201907
20190712,43658,FY2020,FY2020 Q1,2019 Jul,2019 Jul 12,201907
20190713,43659,FY2020,FY2020 Q1,2019 Jul,2019 Jul 13,201907
20190714,43660,FY2020,FY2020 Q1,2019 Jul,2019 Jul 14,201907
20190715,43661,FY2020,FY2020 Q1,2019 Jul,2019 Jul 15,201907
20190716,43662,FY2020,FY2020 Q1,2019 Jul,2019 Jul 16,201907
20190717,43663,FY2020,FY2020 Q1,2019 Jul,2019 Jul 17,201907
20190718,43664,FY2020,FY2020 Q1,2019 Jul,2019 Jul 18,201907
20190719,43665,FY2020,FY2020 Q1,2019 Jul,2019 Jul 19,201907
20190720,43666,FY2020,FY2020 Q1,2019 Jul,2019 Jul 20,201907
20190721,43667,FY2020,FY2020 Q1,2019 Jul,2019 Jul 21,201907
20190722,43668,FY2020,FY2020 Q1,2019 Jul,2019 Jul 22,201907
20190723,43669,FY2020,FY2020 Q1,2019 Jul,2019 Jul 23,201907
20190724,43670,FY2020,FY2020 Q1,2019 Jul,2019 Jul 24,201907
20190725,43671,FY2020,FY2020 Q1,2019 Jul,2019 Jul 25,201907
20190726,43672,FY2020,FY2020 Q1,2019 Jul,2019 Jul 26,201907
20190727,43673,FY2020,FY2020 Q1,2019 Jul,2019 Jul 27,201907
20190728,43674,FY2020,FY2020 Q1,2019 Jul,2019 Jul 28,201907
20190729,43675,FY2020,FY2020 Q1,2019 Jul,2019 Jul 29,201907
20190730,43676,FY2020,FY2020 Q1,2019 Jul,2019 Jul 30,201907
20190731,43677,FY2020,FY2020 Q1,2019 Jul,2019 Jul 31,201907
20190801,43678,FY2020,FY2020 Q1,2019 Aug,2019 Aug 01,201908
20190802,43679,FY2020,FY2020 Q1,2019 Aug,2019 Aug 02,201908
20190803,43680,FY2020,FY2020 Q1,2019 Aug,2019 Aug 03,201908
20190804,43681,FY2020,FY2020 Q1,2019 Aug,2019 Aug 04,201908
20190805,43682,FY2020,FY2020 Q1,2019 Aug,2019 Aug 05,201908
20190806,43683,FY2020,FY2020 Q1,2019 Aug,2019 Aug 06,201908
20190807,43684,FY2020,FY2020 Q1,2019 Aug,2019 Aug 07,201908
20190808,43685,FY2020,FY2020 Q1,2019 Aug,2019 Aug 08,201908
20190809,43686,FY2020,FY2020 Q1,2019 Aug,2019 Aug 09,201908
20190810,43687,FY2020,FY2020 Q1,2019 Aug,2019 Aug 10,201908
20190811,43688,FY2020,FY2020 Q1,2019 Aug,2019 Aug 11,201908
20190812,43689,FY2020,FY2020 Q1,2019 Aug,2019 Aug 12,201908
20190813,43690,FY2020,FY2020 Q1,2019 Aug,2019 Aug 13,201908
20190814,43691,FY2020,FY2020 Q1,2019 Aug,2019 Aug 14,201908
20190815,43692,FY2020,FY2020 Q1,2019 Aug,2019 Aug 15,201908
20190816,43693,FY2020,FY2020 Q1,2019 Aug,2019 Aug 16,201908
20190817,43694,FY2020,FY2020 Q1,2019 Aug,2019 Aug 17,201908
20190818,43695,FY2020,FY2020 Q1,2019 Aug,2019 Aug 18,201908
20190819,43696,FY2020,FY2020 Q1,2019 Aug,2019 Aug 19,201908
20190820,43697,FY2020,FY2020 Q1,2019 Aug,2019 Aug 20,201908
20190821,43698,FY2020,FY2020 Q1,2019 Aug,2019 Aug 21,201908
20190822,43699,FY2020,FY2020 Q1,2019 Aug,2019 Aug 22,201908
20190823,43700,FY2020,FY2020 Q1,2019 Aug,2019 Aug 23,201908
20190824,43701,FY2020,FY2020 Q1,2019 Aug,2019 Aug 24,201908
20190825,43702,FY2020,FY2020 Q1,2019 Aug,2019 Aug 25,201908
20190826,43703,FY2020,FY2020 Q1,2019 Aug,2019 Aug 26,201908
20190827,43704,FY2020,FY2020 Q1,2019 Aug,2019 Aug 27,201908
20190828,43705,FY2020,FY2020 Q1,2019 Aug,2019 Aug 28,201908
20190829,43706,FY2020,FY2020 Q1,2019 Aug,2019 Aug 29,201908
20190830,43707,FY2020,FY2020 Q1,2019 Aug,2019 Aug 30,201908
20190831,43708,FY2020,FY2020 Q1,2019 Aug,2019 Aug 31,201908
20190901,43709,FY2020,FY2020 Q1,2019 Sep,2019 Sep 01,201909
20190902,43710,FY2020,FY2020 Q1,2019 Sep,2019 Sep 02,201909
20190903,43711,FY2020,FY2020 Q1,2019 Sep,2019 Sep 03,201909
20190904,43712,FY2020,FY2020 Q1,2019 Sep,2019 Sep 04,201909
20190905,43713,FY2020,FY2020 Q1,2019 Sep,2019 Sep 05,201909
20190906,43714,FY2020,FY2020 Q1,2019 Sep,2019 Sep 06,201909
20190907,43715,FY2020,FY2020 Q1,2019 Sep,2019 Sep 07,201909
20190908,43716,FY2020,FY2020 Q1,2019 Sep,2019 Sep 08,201909
20190909,43717,FY2020,FY2020 Q1,2019 Sep,2019 Sep 09,201909
20190910,43718,FY2020,FY2020 Q1,2019 Sep,2019 Sep 10,201909
20190911,43719,FY2020,FY2020 Q1,2019 Sep,2019 Sep 11,201909
20190912,43720,FY2020,FY2020 Q1,2019 Sep,2019 Sep 12,201909
20190913,43721,FY2020,FY2020 Q1,2019 Sep,2019 Sep 13,201909
20190914,43722,FY2020,FY2020 Q1,2019 Sep,2019 Sep 14,201909
20190915,43723,FY2020,FY2020 Q1,2019 Sep,2019 Sep 15,201909
20190916,43724,FY2020,FY2020 Q1,2019 Sep,2019 Sep 16,201909
20190917,43725,FY2020,FY2020 Q1,2019 Sep,2019 Sep 17,201909
20190918,43726,FY2020,FY2020 Q1,2019 Sep,2019 Sep 18,201909
20190919,43727,FY2020,FY2020 Q1,2019 Sep,2019 Sep 19,201909
20190920,43728,FY2020,FY2020 Q1,2019 Sep,2019 Sep 20,201909
20190921,43729,FY2020,FY2020 Q1,2019 Sep,2019 Sep 21,201909
20190922,43730,FY2020,FY2020 Q1,2019 Sep,2019 Sep 22,201909
20190923,43731,FY2020,FY2020 Q1,2019 Sep,2019 Sep 23,201909
20190924,43732,FY2020,FY2020 Q1,2019 Sep,2019 Sep 24,201909
20190925,43733,FY2020,FY2020 Q1,2019 Sep,2019 Sep 25,201909
20190926,43734,FY2020,FY2020 Q1,2019 Sep,2019 Sep 26,201909
20190927,43735,FY2020,FY2020 Q1,2019 Sep,2019 Sep 27,201909
20190928,43736,FY2020,FY2020 Q1,2019 Sep,2019 Sep 28,201909
20190929,43737,FY2020,FY2020 Q1,2019 Sep,2019 Sep 29,201909
20190930,43738,FY2020,FY2020 Q1,2019 Sep,2019 Sep 30,201909
20191001,43739,FY2020,FY2020 Q2,2019 Oct,2019 Oct 01,201910
20191002,43740,FY2020,FY2020 Q2,2019 Oct,2019 Oct 02,201910
20191003,43741,FY2020,FY2020 Q2,2019 Oct,2019 Oct 03,201910
20191004,43742,FY2020,FY2020 Q2,2019 Oct,2019 Oct 04,201910
20191005,43743,FY2020,FY2020 Q2,2019 Oct,2019 Oct 05,201910
20191006,43744,FY2020,FY2020 Q2,2019 Oct,2019 Oct 06,201910
20191007,43745,FY2020,FY2020 Q2,2019 Oct,2019 Oct 07,201910
20191008,43746,FY2020,FY2020 Q2,2019 Oct,2019 Oct 08,201910
20191009,43747,FY2020,FY2020 Q2,2019 Oct,2019 Oct 09,201910
20191010,43748,FY2020,FY2020 Q2,2019 Oct,2019 Oct 10,201910
20191011,43749,FY2020,FY2020 Q2,2019 Oct,2019 Oct 11,201910
20191012,43750,FY2020,FY2020 Q2,2019 Oct,2019 Oct 12,201910
20191013,43751,FY2020,FY2020 Q2,2019 Oct,2019 Oct 13,201910
20191014,43752,FY2020,FY2020 Q2,2019 Oct,2019 Oct 14,201910
20191015,43753,FY2020,FY2020 Q2,2019 Oct,2019 Oct 15,201910
20191016,43754,FY2020,FY2020 Q2,2019 Oct,2019 Oct 16,201910
20191017,43755,FY2020,FY2020 Q2,2019 Oct,2019 Oct 17,201910
20191018,43756,FY2020,FY2020 Q2,2019 Oct,2019 Oct 18,201910
20191019,43757,FY2020,FY2020 Q2,2019 Oct,2019 Oct 19,201910
20191020,43758,FY2020,FY2020 Q2,2019 Oct,2019 Oct 20,201910
20191021,43759,FY2020,FY2020 Q2,2019 Oct,2019 Oct 21,201910
20191022,43760,FY2020,FY2020 Q2,2019 Oct,2019 Oct 22,201910
20191023,43761,FY2020,FY2020 Q2,2019 Oct,2019 Oct 23,201910
20191024,43762,FY2020,FY2020 Q2,2019 Oct,2019 Oct 24,201910
20191025,43763,FY2020,FY2020 Q2,2019 Oct,2019 Oct 25,201910
20191026,43764,FY2020,FY2020 Q2,2019 Oct,2019 Oct 26,201910
20191027,43765,FY2020,FY2020 Q2,2019 Oct,2019 Oct 27,201910
20191028,43766,FY2020,FY2020 Q2,2019 Oct,2019 Oct 28,201910
20191029,43767,FY2020,FY2020 Q2,2019 Oct,2019 Oct 29,201910
20191030,43768,FY2020,FY2020 Q2,2019 Oct,2019 Oct 30,201910
20191031,43769,FY2020,FY2020 Q2,2019 Oct,2019 Oct 31,201910
20191101,43770,FY2020,FY2020 Q2,2019 Nov,2019 Nov 01,201911
20191102,43771,FY2020,FY2020 Q2,2019 Nov,2019 Nov 02,201911
20191103,43772,FY2020,FY2020 Q2,2019 Nov,2019 Nov 03,201911
20191104,43773,FY2020,FY2020 Q2,2019 Nov,2019 Nov 04,201911
20191105,43774,FY2020,FY2020 Q2,2019 Nov,2019 Nov 05,201911
20191106,43775,FY2020,FY2020 Q2,2019 Nov,2019 Nov 06,201911
20191107,43776,FY2020,FY2020 Q2,2019 Nov,2019 Nov 07,201911
20191108,43777,FY2020,FY2020 Q2,2019 Nov,2019 Nov 08,201911
20191109,43778,FY2020,FY2020 Q2,2019 Nov,2019 Nov 09,201911
20191110,43779,FY2020,FY2020 Q2,2019 Nov,2019 Nov 10,201911
20191111,43780,FY2020,FY2020 Q2,2019 Nov,2019 Nov 11,201911
20191112,43781,FY2020,FY2020 Q2,2019 Nov,2019 Nov 12,201911
20191113,43782,FY2020,FY2020 Q2,2019 Nov,2019 Nov 13,201911
20191114,43783,FY2020,FY2020 Q2,2019 Nov,2019 Nov 14,201911
20191115,43784,FY2020,FY2020 Q2,2019 Nov,2019 Nov 15,201911
20191116,43785,FY2020,FY2020 Q2,2019 Nov,2019 Nov 16,201911
20191117,43786,FY2020,FY2020 Q2,2019 Nov,2019 Nov 17,201911
20191118,43787,FY2020,FY2020 Q2,2019 Nov,2019 Nov 18,201911
20191119,43788,FY2020,FY2020 Q2,2019 Nov,2019 Nov 19,201911
20191120,43789,FY2020,FY2020 Q2,2019 Nov,2019 Nov 20,201911
20191121,43790,FY2020,FY2020 Q2,2019 Nov,2019 Nov 21,201911
20191122,43791,FY2020,FY2020 Q2,2019 Nov,2019 Nov 22,201911
20191123,43792,FY2020,FY2020 Q2,2019 Nov,2019 Nov 23,201911
20191124,43793,FY2020,FY2020 Q2,2019 Nov,2019 Nov 24,201911
20191125,43794,FY2020,FY2020 Q2,2019 Nov,2019 Nov 25,201911
20191126,43795,FY2020,FY2020 Q2,2019 Nov,2019 Nov 26,201911
20191127,43796,FY2020,FY2020 Q2,2019 Nov,2019 Nov 27,201911
20191128,43797,FY2020,FY2020 Q2,2019 Nov,2019 Nov 28,201911
20191129,43798,FY2020,FY2020 Q2,2019 Nov,2019 Nov 29,201911
20191130,43799,FY2020,FY2020 Q2,2019 Nov,2019 Nov 30,201911
20191201,43800,FY2020,FY2020 Q2,2019 Dec,2019 Dec 01,201912
20191202,43801,FY2020,FY2020 Q2,2019 Dec,2019 Dec 02,201912
20191203,43802,FY2020,FY2020 Q2,2019 Dec,2019 Dec 03,201912
20191204,43803,FY2020,FY2020 Q2,2019 Dec,2019 Dec 04,201912
20191205,43804,FY2020,FY2020 Q2,2019 Dec,2019 Dec 05,201912
20191206,43805,FY2020,FY2020 Q2,2019 Dec,2019 Dec 06,201912
20191207,43806,FY2020,FY2020 Q2,2019 Dec,2019 Dec 07,201912
20191208,43807,FY2020,FY2020 Q2,2019 Dec,2019 Dec 08,201912
20191209,43808,FY2020,FY2020 Q2,2019 Dec,2019 Dec 09,201912
20191210,43809,FY2020,FY2020 Q2,2019 Dec,2019 Dec 10,201912
20191211,43810,FY2020,FY2020 Q2,2019 Dec,2019 Dec 11,201912
20191212,43811,FY2020,FY2020 Q2,2019 Dec,2019 Dec 12,201912
20191213,43812,FY2020,FY2020 Q2,2019 Dec,2019 Dec 13,201912
20191214,43813,FY2020,FY2020 Q2,2019 Dec,2019 Dec 14,201912
20191215,43814,FY2020,FY2020 Q2,2019 Dec,2019 Dec 15,201912
20191216,43815,FY2020,FY2020 Q2,2019 Dec,2019 Dec 16,201912
20191217,43816,FY2020,FY2020 Q2,2019 Dec,2019 Dec 17,201912
20191218,43817,FY2020,FY2020 Q2,2019 Dec,2019 Dec 18,201912
20191219,43818,FY2020,FY2020 Q2,2019 Dec,2019 Dec 19,201912
20191220,43819,FY2020,FY2020 Q2,2019 Dec,2019 Dec 20,201912
20191221,43820,FY2020,FY2020 Q2,2019 Dec,2019 Dec 21,201912
20191222,43821,FY2020,FY2020 Q2,2019 Dec,2019 Dec 22,201912
20191223,43822,FY2020,FY2020 Q2,2019 Dec,2019 Dec 23,201912
20191224,43823,FY2020,FY2020 Q2,2019 Dec,2019 Dec 24,201912
20191225,43824,FY2020,FY2020 Q2,2019 Dec,2019 Dec 25,201912
20191226,43825,FY2020,FY2020 Q2,2019 Dec,2019 Dec 26,201912
20191227,43826,FY2020,FY2020 Q2,2019 Dec,2019 Dec 27,201912
20191228,43827,FY2020,FY2020 Q2,2019 Dec,2019 Dec 28,201912
20191229,43828,FY2020,FY2020 Q2,2019 Dec,2019 Dec 29,201912
20191230,43829,FY2020,FY2020 Q2,2019 Dec,2019 Dec 30,201912
20191231,43830,FY2020,FY2020 Q2,2019 Dec,2019 Dec 31,201912
20200101,43831,FY2020,FY2020 Q3,2020 Jan,2020 Jan 01,202001
20200102,43832,FY2020,FY2020 Q3,2020 Jan,2020 Jan 02,202001
20200103,43833,FY2020,FY2020 Q3,2020 Jan,2020 Jan 03,202001
20200104,43834,FY2020,FY2020 Q3,2020 Jan,2020 Jan 04,202001
20200105,43835,FY2020,FY2020 Q3,2020 Jan,2020 Jan 05,202001
20200106,43836,FY2020,FY2020 Q3,2020 Jan,2020 Jan 06,202001
20200107,43837,FY2020,FY2020 Q3,2020 Jan,2020 Jan 07,202001
20200108,43838,FY2020,FY2020 Q3,2020 Jan,2020 Jan 08,202001
20200109,43839,FY2020,FY2020 Q3,2020 Jan,2020 Jan 09,202001
20200110,43840,FY2020,FY2020 Q3,2020 Jan,2020 Jan 10,202001
20200111,43841,FY2020,FY2020 Q3,2020 Jan,2020 Jan 11,202001
20200112,43842,FY2020,FY2020 Q3,2020 Jan,2020 Jan 12,202001
20200113,43843,FY2020,FY2020 Q3,2020 Jan,2020 Jan 13,202001
20200114,43844,FY2020,FY2020 Q3,2020 Jan,2020 Jan 14,202001
20200115,43845,FY2020,FY2020 Q3,2020 Jan,2020 Jan 15,202001
20200116,43846,FY2020,FY2020 Q3,2020 Jan,2020 Jan 16,202001
20200117,43847,FY2020,FY2020 Q3,2020 Jan,2020 Jan 17,202001
20200118,43848,FY2020,FY2020 Q3,2020 Jan,2020 Jan 18,202001
20200119,43849,FY2020,FY2020 Q3,2020 Jan,2020 Jan 19,202001
20200120,43850,FY2020,FY2020 Q3,2020 Jan,2020 Jan 20,202001
20200121,43851,FY2020,FY2020 Q3,2020 Jan,2020 Jan 21,202001
20200122,43852,FY2020,FY2020 Q3,2020 Jan,2020 Jan 22,202001
20200123,43853,FY2020,FY2020 Q3,2020 Jan,2020 Jan 23,202001
20200124,43854,FY2020,FY2020 Q3,2020 Jan,2020 Jan 24,202001
20200125,43855,FY2020,FY2020 Q3,2020 Jan,2020 Jan 25,202001
20200126,43856,FY2020,FY2020 Q3,2020 Jan,2020 Jan 26,202001
20200127,43857,FY2020,FY2020 Q3,2020 Jan,2020 Jan 27,202001
20200128,43858,FY2020,FY2020 Q3,2020 Jan,2020 Jan 28,202001
20200129,43859,FY2020,FY2020 Q3,2020 Jan,2020 Jan 29,202001
20200130,43860,FY2020,FY2020 Q3,2020 Jan,2020 Jan 30,202001
20200131,43861,FY2020,FY2020 Q3,2020 Jan,2020 Jan 31,202001
20200201,43862,FY2020,FY2020 Q3,2020 Feb,2020 Feb 01,202002
20200202,43863,FY2020,FY2020 Q3,2020 Feb,2020 Feb 02,202002
20200203,43864,FY2020,FY2020 Q3,2020 Feb,2020 Feb 03,202002
20200204,43865,FY2020,FY2020 Q3,2020 Feb,2020 Feb 04,202002
20200205,43866,FY2020,FY2020 Q3,2020 Feb,2020 Feb 05,202002
20200206,43867,FY2020,FY2020 Q3,2020 Feb,2020 Feb 06,202002
20200207,43868,FY2020,FY2020 Q3,2020 Feb,2020 Feb 07,202002
20200208,43869,FY2020,FY2020 Q3,2020 Feb,2020 Feb 08,202002
20200209,43870,FY2020,FY2020 Q3,2020 Feb,2020 Feb 09,202002
20200210,43871,FY2020,FY2020 Q3,2020 Feb,2020 Feb 10,202002
20200211,43872,FY2020,FY2020 Q3,2020 Feb,2020 Feb 11,202002
20200212,43873,FY2020,FY2020 Q3,2020 Feb,2020 Feb 12,202002
20200213,43874,FY2020,FY2020 Q3,2020 Feb,2020 Feb 13,202002
20200214,43875,FY2020,FY2020 Q3,2020 Feb,2020 Feb 14,202002
20200215,43876,FY2020,FY2020 Q3,2020 Feb,2020 Feb 15,202002
20200216,43877,FY2020,FY2020 Q3,2020 Feb,2020 Feb 16,202002
20200217,43878,FY2020,FY2020 Q3,2020 Feb,2020 Feb 17,202002
20200218,43879,FY2020,FY2020 Q3,2020 Feb,2020 Feb 18,202002
20200219,43880,FY2020,FY2020 Q3,2020 Feb,2020 Feb 19,202002
20200220,43881,FY2020,FY2020 Q3,2020 Feb,2020 Feb 20,202002
20200221,43882,FY2020,FY2020 Q3,2020 Feb,2020 Feb 21,202002
20200222,43883,FY2020,FY2020 Q3,2020 Feb,2020 Feb 22,202002
20200223,43884,FY2020,FY2020 Q3,2020 Feb,2020 Feb 23,202002
20200224,43885,FY2020,FY2020 Q3,2020 Feb,2020 Feb 24,202002
20200225,43886,FY2020,FY2020 Q3,2020 Feb,2020 Feb 25,202002
20200226,43887,FY2020,FY2020 Q3,2020 Feb,2020 Feb 26,202002
20200227,43888,FY2020,FY2020 Q3,2020 Feb,2020 Feb 27,202002
20200228,43889,FY2020,FY2020 Q3,2020 Feb,2020 Feb 28,202002
20200229,43890,FY2020,FY2020 Q3,2020 Feb,2020 Feb 29,202002
20200301,43891,FY2020,FY2020 Q3,2020 Mar,2020 Mar 01,202003
20200302,43892,FY2020,FY2020 Q3,2020 Mar,2020 Mar 02,202003
20200303,43893,FY2020,FY2020 Q3,2020 Mar,2020 Mar 03,202003
20200304,43894,FY2020,FY2020 Q3,2020 Mar,2020 Mar 04,202003
20200305,43895,FY2020,FY2020 Q3,2020 Mar,2020 Mar 05,202003
20200306,43896,FY2020,FY2020 Q3,2020 Mar,2020 Mar 06,202003
20200307,43897,FY2020,FY2020 Q3,2020 Mar,2020 Mar 07,202003
20200308,43898,FY2020,FY2020 Q3,2020 Mar,2020 Mar 08,202003
20200309,43899,FY2020,FY2020 Q3,2020 Mar,2020 Mar 09,202003
20200310,43900,FY2020,FY2020 Q3,2020 Mar,2020 Mar 10,202003
20200311,43901,FY2020,FY2020 Q3,2020 Mar,2020 Mar 11,202003
20200312,43902,FY2020,FY2020 Q3,2020 Mar,2020 Mar 12,202003
20200313,43903,FY2020,FY2020 Q3,2020 Mar,2020 Mar 13,202003
20200314,43904,FY2020,FY2020 Q3,2020 Mar,2020 Mar 14,202003
20200315,43905,FY2020,FY2020 Q3,2020 Mar,2020 Mar 15,202003
20200316,43906,FY2020,FY2020 Q3,2020 Mar,2020 Mar 16,202003
20200317,43907,FY2020,FY2020 Q3,2020 Mar,2020 Mar 17,202003
20200318,43908,FY2020,FY2020 Q3,2020 Mar,2020 Mar 18,202003
20200319,43909,FY2020,FY2020 Q3,2020 Mar,2020 Mar 19,202003
20200320,43910,FY2020,FY2020 Q3,2020 Mar,2020 Mar 20,202003
20200321,43911,FY2020,FY2020 Q3,2020 Mar,2020 Mar 21,202003
20200322,43912,FY2020,FY2020 Q3,2020 Mar,2020 Mar 22,202003
20200323,43913,FY2020,FY2020 Q3,2020 Mar,2020 Mar 23,202003
20200324,43914,FY2020,FY2020 Q3,2020 Mar,2020 Mar 24,202003
20200325,43915,FY2020,FY2020 Q3,2020 Mar,2020 Mar 25,202003
20200326,43916,FY2020,FY2020 Q3,2020 Mar,2020 Mar 26,202003
20200327,43917,FY2020,FY2020 Q3,2020 Mar,2020 Mar 27,202003
20200328,43918,FY2020,FY2020 Q3,2020 Mar,2020 Mar 28,202003
20200329,43919,FY2020,FY2020 Q3,2020 Mar,2020 Mar 29,202003
20200330,43920,FY2020,FY2020 Q3,2020 Mar,2020 Mar 30,202003
20200331,43921,FY2020,FY2020 Q3,2020 Mar,2020 Mar 31,202003
20200401,43922,FY2020,FY2020 Q4,2020 Apr,2020 Apr 01,202004
20200402,43923,FY2020,FY2020 Q4,2020 Apr,2020 Apr 02,202004
20200403,43924,FY2020,FY2020 Q4,2020 Apr,2020 Apr 03,202004
20200404,43925,FY2020,FY2020 Q4,2020 Apr,2020 Apr 04,202004
20200405,43926,FY2020,FY2020 Q4,2020 Apr,2020 Apr 05,202004
20200406,43927,FY2020,FY2020 Q4,2020 Apr,2020 Apr 06,202004
20200407,43928,FY2020,FY2020 Q4,2020 Apr,2020 Apr 07,202004
20200408,43929,FY2020,FY2020 Q4,2020 Apr,2020 Apr 08,202004
20200409,43930,FY2020,FY2020 Q4,2020 Apr,2020 Apr 09,202004
20200410,43931,FY2020,FY2020 Q4,2020 Apr,2020 Apr 10,202004
20200411,43932,FY2020,FY2020 Q4,2020 Apr,2020 Apr 11,202004
20200412,43933,FY2020,FY2020 Q4,2020 Apr,2020 Apr 12,202004
20200413,43934,FY2020,FY2020 Q4,2020 Apr,2020 Apr 13,202004
20200414,43935,FY2020,FY2020 Q4,2020 Apr,2020 Apr 14,202004
20200415,43936,FY2020,FY2020 Q4,2020 Apr,2020 Apr 15,202004
20200416,43937,FY2020,FY2020 Q4,2020 Apr,2020 Apr 16,202004
20200417,43938,FY2020,FY2020 Q4,2020 Apr,2020 Apr 17,202004
20200418,43939,FY2020,FY2020 Q4,2020 Apr,2020 Apr 18,202004
20200419,43940,FY2020,FY2020 Q4,2020 Apr,2020 Apr 19,202004
20200420,43941,FY2020,FY2020 Q4,2020 Apr,2020 Apr 20,202004
20200421,43942,FY2020,FY2020 Q4,2020 Apr,2020 Apr 21,202004
20200422,43943,FY2020,FY2020 Q4,2020 Apr,2020 Apr 22,202004
20200423,43944,FY2020,FY2020 Q4,2020 Apr,2020 Apr 23,202004
20200424,43945,FY2020,FY2020 Q4,2020 Apr,2020 Apr 24,202004
20200425,43946,FY2020,FY2020 Q4,2020 Apr,2020 Apr 25,202004
20200426,43947,FY2020,FY2020 Q4,2020 Apr,2020 Apr 26,202004
20200427,43948,FY2020,FY2020 Q4,2020 Apr,2020 Apr 27,202004
20200428,43949,FY2020,FY2020 Q4,2020 Apr,2020 Apr 28,202004
20200429,43950,FY2020,FY2020 Q4,2020 Apr,2020 Apr 29,202004
20200430,43951,FY2020,FY2020 Q4,2020 Apr,2020 Apr 30,202004
20200501,43952,FY2020,FY2020 Q4,2020 May,2020 May 01,202005
20200502,43953,FY2020,FY2020 Q4,2020 May,2020 May 02,202005
20200503,43954,FY2020,FY2020 Q4,2020 May,2020 May 03,202005
20200504,43955,FY2020,FY2020 Q4,2020 May,2020 May 04,202005
20200505,43956,FY2020,FY2020 Q4,2020 May,2020 May 05,202005
20200506,43957,FY2020,FY2020 Q4,2020 May,2020 May 06,202005
20200507,43958,FY2020,FY2020 Q4,2020 May,2020 May 07,202005
20200508,43959,FY2020,FY2020 Q4,2020 May,2020 May 08,202005
20200509,43960,FY2020,FY2020 Q4,2020 May,2020 May 09,202005
20200510,43961,FY2020,FY2020 Q4,2020 May,2020 May 10,202005
20200511,43962,FY2020,FY2020 Q4,2020 May,2020 May 11,202005
20200512,43963,FY2020,FY2020 Q4,2020 May,2020 May 12,202005
20200513,43964,FY2020,FY2020 Q4,2020 May,2020 May 13,202005
20200514,43965,FY2020,FY2020 Q4,2020 May,2020 May 14,202005
20200515,43966,FY2020,FY2020 Q4,2020 May,2020 May 15,202005
20200516,43967,FY2020,FY2020 Q4,2020 May,2020 May 16,202005
20200517,43968,FY2020,FY2020 Q4,2020 May,2020 May 17,202005
20200518,43969,FY2020,FY2020 Q4,2020 May,2020 May 18,202005
20200519,43970,FY2020,FY2020 Q4,2020 May,2020 May 19,202005
20200520,43971,FY2020,FY2020 Q4,2020 May,2020 May 20,202005
20200521,43972,FY2020,FY2020 Q4,2020 May,2020 May 21,202005
20200522,43973,FY2020,FY2020 Q4,2020 May,2020 May 22,202005
20200523,43974,FY2020,FY2020 Q4,2020 May,2020 May 23,202005
20200524,43975,FY2020,FY2020 Q4,2020 May,2020 May 24,202005
20200525,43976,FY2020,FY2020 Q4,2020 May,2020 May 25,202005
20200526,43977,FY2020,FY2020 Q4,2020 May,2020 May 26,202005
20200527,43978,FY2020,FY2020 Q4,2020 May,2020 May 27,202005
20200528,43979,FY2020,FY2020 Q4,2020 May,2020 May 28,202005
20200529,43980,FY2020,FY2020 Q4,2020 May,2020 May 29,202005
20200530,43981,FY2020,FY2020 Q4,2020 May,2020 May 30,202005
20200531,43982,FY2020,FY2020 Q4,2020 May,2020 May 31,202005
20200601,43983,FY2020,FY2020 Q4,2020 Jun,2020 Jun 01,202006
20200602,43984,FY2020,FY2020 Q4,2020 Jun,2020 Jun 02,202006
20200603,43985,FY2020,FY2020 Q4,2020 Jun,2020 Jun 03,202006
20200604,43986,FY2020,FY2020 Q4,2020 Jun,2020 Jun 04,202006
20200605,43987,FY2020,FY2020 Q4,2020 Jun,2020 Jun 05,202006
20200606,43988,FY2020,FY2020 Q4,2020 Jun,2020 Jun 06,202006
20200607,43989,FY2020,FY2020 Q4,2020 Jun,2020 Jun 07,202006
20200608,43990,FY2020,FY2020 Q4,2020 Jun,2020 Jun 08,202006
20200609,43991,FY2020,FY2020 Q4,2020 Jun,2020 Jun 09,202006
20200610,43992,FY2020,FY2020 Q4,2020 Jun,2020 Jun 10,202006
20200611,43993,FY2020,FY2020 Q4,2020 Jun,2020 Jun 11,202006
20200612,43994,FY2020,FY2020 Q4,2020 Jun,2020 Jun 12,202006
20200613,43995,FY2020,FY2020 Q4,2020 Jun,2020 Jun 13,202006
20200614,43996,FY2020,FY2020 Q4,2020 Jun,2020 Jun 14,202006
20200615,43997,FY2020,FY2020 Q4,2020 Jun,2020 Jun 15,202006
20200616,43998,FY2020,FY2020 Q4,2020 Jun,2020 Jun 16,202006
20200617,43999,FY2020,FY2020 Q4,2020 Jun,2020 Jun 17,202006
20200618,44000,FY2020,FY2020 Q4,2020 Jun,2020 Jun 18,202006
20200619,44001,FY2020,FY2020 Q4,2020 Jun,2020 Jun 19,202006
20200620,44002,FY2020,FY2020 Q4,2020 Jun,2020 Jun 20,202006
20200621,44003,FY2020,FY2020 Q4,2020 Jun,2020 Jun 21,202006
20200622,44004,FY2020,FY2020 Q4,2020 Jun,2020 Jun 22,202006
20200623,44005,FY2020,FY2020 Q4,2020 Jun,2020 Jun 23,202006
20200624,44006,FY2020,FY2020 Q4,2020 Jun,2020 Jun 24,202006
20200625,44007,FY2020,FY2020 Q4,2020 Jun,2020 Jun 25,202006
20200626,44008,FY2020,FY2020 Q4,2020 Jun,2020 Jun 26,202006
20200627,44009,FY2020,FY2020 Q4,2020 Jun,2020 Jun 27,202006
20200628,44010,FY2020,FY2020 Q4,2020 Jun,2020 Jun 28,202006
20200629,44011,FY2020,FY2020 Q4,2020 Jun,2020 Jun 29,202006
20200630,44012,FY2020,FY2020 Q4,2020 Jun,2020 Jun 30,202006
20200701,44013,FY2021,FY2021 Q1,2020 Jul,2020 Jul 01,202007
20200702,44014,FY2021,FY2021 Q1,2020 Jul,2020 Jul 02,202007
20200703,44015,FY2021,FY2021 Q1,2020 Jul,2020 Jul 03,202007
20200704,44016,FY2021,FY2021 Q1,2020 Jul,2020 Jul 04,202007
20200705,44017,FY2021,FY2021 Q1,2020 Jul,2020 Jul 05,202007
20200706,44018,FY2021,FY2021 Q1,2020 Jul,2020 Jul 06,202007
20200707,44019,FY2021,FY2021 Q1,2020 Jul,2020 Jul 07,202007
20200708,44020,FY2021,FY2021 Q1,2020 Jul,2020 Jul 08,202007
20200709,44021,FY2021,FY2021 Q1,2020 Jul,2020 Jul 09,202007
20200710,44022,FY2021,FY2021 Q1,2020 Jul,2020 Jul 10,202007
20200711,44023,FY2021,FY2021 Q1,2020 Jul,2020 Jul 11,202007
20200712,44024,FY2021,FY2021 Q1,2020 Jul,2020 Jul 12,202007
20200713,44025,FY2021,FY2021 Q1,2020 Jul,2020 Jul 13,202007
20200714,44026,FY2021,FY2021 Q1,2020 Jul,2020 Jul 14,202007
20200715,44027,FY2021,FY2021 Q1,2020 Jul,2020 Jul 15,202007
20200716,44028,FY2021,FY2021 Q1,2020 Jul,2020 Jul 16,202007
20200717,44029,FY2021,FY2021 Q1,2020 Jul,2020 Jul 17,202007
20200718,44030,FY2021,FY2021 Q1,2020 Jul,2020 Jul 18,202007
20200719,44031,FY2021,FY2021 Q1,2020 Jul,2020 Jul 19,202007
20200720,44032,FY2021,FY2021 Q1,2020 Jul,2020 Jul 20,202007
20200721,44033,FY2021,FY2021 Q1,2020 Jul,2020 Jul 21,202007
20200722,44034,FY2021,FY2021 Q1,2020 Jul,2020 Jul 22,202007
20200723,44035,FY2021,FY2021 Q1,2020 Jul,2020 Jul 23,202007
20200724,44036,FY2021,FY2021 Q1,2020 Jul,2020 Jul 24,202007
20200725,44037,FY2021,FY2021 Q1,2020 Jul,2020 Jul 25,202007
20200726,44038,FY2021,FY2021 Q1,2020 Jul,2020 Jul 26,202007
20200727,44039,FY2021,FY2021 Q1,2020 Jul,2020 Jul 27,202007
20200728,44040,FY2021,FY2021 Q1,2020 Jul,2020 Jul 28,202007
20200729,44041,FY2021,FY2021 Q1,2020 Jul,2020 Jul 29,202007
20200730,44042,FY2021,FY2021 Q1,2020 Jul,2020 Jul 30,202007
20200731,44043,FY2021,FY2021 Q1,2020 Jul,2020 Jul 31,202007
20200801,44044,FY2021,FY2021 Q1,2020 Aug,2020 Aug 01,202008
20200802,44045,FY2021,FY2021 Q1,2020 Aug,2020 Aug 02,202008
20200803,44046,FY2021,FY2021 Q1,2020 Aug,2020 Aug 03,202008
20200804,44047,FY2021,FY2021 Q1,2020 Aug,2020 Aug 04,202008
20200805,44048,FY2021,FY2021 Q1,2020 Aug,2020 Aug 05,202008
20200806,44049,FY2021,FY2021 Q1,2020 Aug,2020 Aug 06,202008
20200807,44050,FY2021,FY2021 Q1,2020 Aug,2020 Aug 07,202008
20200808,44051,FY2021,FY2021 Q1,2020 Aug,2020 Aug 08,202008
20200809,44052,FY2021,FY2021 Q1,2020 Aug,2020 Aug 09,202008
20200810,44053,FY2021,FY2021 Q1,2020 Aug,2020 Aug 10,202008
20200811,44054,FY2021,FY2021 Q1,2020 Aug,2020 Aug 11,202008
20200812,44055,FY2021,FY2021 Q1,2020 Aug,2020 Aug 12,202008
20200813,44056,FY2021,FY2021 Q1,2020 Aug,2020 Aug 13,202008
20200814,44057,FY2021,FY2021 Q1,2020 Aug,2020 Aug 14,202008
20200815,44058,FY2021,FY2021 Q1,2020 Aug,2020 Aug 15,202008
20200816,44059,FY2021,FY2021 Q1,2020 Aug,2020 Aug 16,202008
20200817,44060,FY2021,FY2021 Q1,2020 Aug,2020 Aug 17,202008
20200818,44061,FY2021,FY2021 Q1,2020 Aug,2020 Aug 18,202008
20200819,44062,FY2021,FY2021 Q1,2020 Aug,2020 Aug 19,202008
20200820,44063,FY2021,FY2021 Q1,2020 Aug,2020 Aug 20,202008
20200821,44064,FY2021,FY2021 Q1,2020 Aug,2020 Aug 21,202008
20200822,44065,FY2021,FY2021 Q1,2020 Aug,2020 Aug 22,202008
20200823,44066,FY2021,FY2021 Q1,2020 Aug,2020 Aug 23,202008
20200824,44067,FY2021,FY2021 Q1,2020 Aug,2020 Aug 24,202008
20200825,44068,FY2021,FY2021 Q1,2020 Aug,2020 Aug 25,202008
20200826,44069,FY2021,FY2021 Q1,2020 Aug,2020 Aug 26,202008
20200827,44070,FY2021,FY2021 Q1,2020 Aug,2020 Aug 27,202008
20200828,44071,FY2021,FY2021 Q1,2020 Aug,2020 Aug 28,202008
20200829,44072,FY2021,FY2021 Q1,2020 Aug,2020 Aug 29,202008
20200830,44073,FY2021,FY2021 Q1,2020 Aug,2020 Aug 30,202008
20200831,44074,FY2021,FY2021 Q1,2020 Aug,2020 Aug 31,202008
20200901,44075,FY2021,FY2021 Q1,2020 Sep,2020 Sep 01,202009
20200902,44076,FY2021,FY2021 Q1,2020 Sep,2020 Sep 02,202009
20200903,44077,FY2021,FY2021 Q1,2020 Sep,2020 Sep 03,202009
20200904,44078,FY2021,FY2021 Q1,2020 Sep,2020 Sep 04,202009
20200905,44079,FY2021,FY2021 Q1,2020 Sep,2020 Sep 05,202009
20200906,44080,FY2021,FY2021 Q1,2020 Sep,2020 Sep 06,202009
20200907,44081,FY2021,FY2021 Q1,2020 Sep,2020 Sep 07,202009
20200908,44082,FY2021,FY2021 Q1,2020 Sep,2020 Sep 08,202009
20200909,44083,FY2021,FY2021 Q1,2020 Sep,2020 Sep 09,202009
20200910,44084,FY2021,FY2021 Q1,2020 Sep,2020 Sep 10,202009
20200911,44085,FY2021,FY2021 Q1,2020 Sep,2020 Sep 11,202009
20200912,44086,FY2021,FY2021 Q1,2020 Sep,2020 Sep 12,202009
20200913,44087,FY2021,FY2021 Q1,2020 Sep,2020 Sep 13,202009
20200914,44088,FY2021,FY2021 Q1,2020 Sep,2020 Sep 14,202009
20200915,44089,FY2021,FY2021 Q1,2020 Sep,2020 Sep 15,202009
20200916,44090,FY2021,FY2021 Q1,2020 Sep,2020 Sep 16,202009
20200917,44091,FY2021,FY2021 Q1,2020 Sep,2020 Sep 17,202009
20200918,44092,FY2021,FY2021 Q1,2020 Sep,2020 Sep 18,202009
20200919,44093,FY2021,FY2021 Q1,2020 Sep,2020 Sep 19,202009
20200920,44094,FY2021,FY2021 Q1,2020 Sep,2020 Sep 20,202009
20200921,44095,FY2021,FY2021 Q1,2020 Sep,2020 Sep 21,202009
20200922,44096,FY2021,FY2021 Q1,2020 Sep,2020 Sep 22,202009
20200923,44097,FY2021,FY2021 Q1,2020 Sep,2020 Sep 23,202009
20200924,44098,FY2021,FY2021 Q1,2020 Sep,2020 Sep 24,202009
20200925,44099,FY2021,FY2021 Q1,2020 Sep,2020 Sep 25,202009
20200926,44100,FY2021,FY2021 Q1,2020 Sep,2020 Sep 26,202009
20200927,44101,FY2021,FY2021 Q1,2020 Sep,2020 Sep 27,202009
20200928,44102,FY2021,FY2021 Q1,2020 Sep,2020 Sep 28,202009
20200929,44103,FY2021,FY2021 Q1,2020 Sep,2020 Sep 29,202009
20200930,44104,FY2021,FY2021 Q1,2020 Sep,2020 Sep 30,202009
20201001,44105,FY2021,FY2021 Q2,2020 Oct,2020 Oct 01,202010
20201002,44106,FY2021,FY2021 Q2,2020 Oct,2020 Oct 02,202010
20201003,44107,FY2021,FY2021 Q2,2020 Oct,2020 Oct 03,202010
20201004,44108,FY2021,FY2021 Q2,2020 Oct,2020 Oct 04,202010
20201005,44109,FY2021,FY2021 Q2,2020 Oct,2020 Oct 05,202010
20201006,44110,FY2021,FY2021 Q2,2020 Oct,2020 Oct 06,202010
20201007,44111,FY2021,FY2021 Q2,2020 Oct,2020 Oct 07,202010
20201008,44112,FY2021,FY2021 Q2,2020 Oct,2020 Oct 08,202010
20201009,44113,FY2021,FY2021 Q2,2020 Oct,2020 Oct 09,202010
20201010,44114,FY2021,FY2021 Q2,2020 Oct,2020 Oct 10,202010
20201011,44115,FY2021,FY2021 Q2,2020 Oct,2020 Oct 11,202010
20201012,44116,FY2021,FY2021 Q2,2020 Oct,2020 Oct 12,202010
20201013,44117,FY2021,FY2021 Q2,2020 Oct,2020 Oct 13,202010
20201014,44118,FY2021,FY2021 Q2,2020 Oct,2020 Oct 14,202010
20201015,44119,FY2021,FY2021 Q2,2020 Oct,2020 Oct 15,202010
20201016,44120,FY2021,FY2021 Q2,2020 Oct,2020 Oct 16,202010
20201017,44121,FY2021,FY2021 Q2,2020 Oct,2020 Oct 17,202010
20201018,44122,FY2021,FY2021 Q2,2020 Oct,2020 Oct 18,202010
20201019,44123,FY2021,FY2021 Q2,2020 Oct,2020 Oct 19,202010
20201020,44124,FY2021,FY2021 Q2,2020 Oct,2020 Oct 20,202010
20201021,44125,FY2021,FY2021 Q2,2020 Oct,2020 Oct 21,202010
20201022,44126,FY2021,FY2021 Q2,2020 Oct,2020 Oct 22,202010
20201023,44127,FY2021,FY2021 Q2,2020 Oct,2020 Oct 23,202010
20201024,44128,FY2021,FY2021 Q2,2020 Oct,2020 Oct 24,202010
20201025,44129,FY2021,FY2021 Q2,2020 Oct,2020 Oct 25,202010
20201026,44130,FY2021,FY2021 Q2,2020 Oct,2020 Oct 26,202010
20201027,44131,FY2021,FY2021 Q2,2020 Oct,2020 Oct 27,202010
20201028,44132,FY2021,FY2021 Q2,2020 Oct,2020 Oct 28,202010
20201029,44133,FY2021,FY2021 Q2,2020 Oct,2020 Oct 29,202010
20201030,44134,FY2021,FY2021 Q2,2020 Oct,2020 Oct 30,202010
20201031,44135,FY2021,FY2021 Q2,2020 Oct,2020 Oct 31,202010
20201101,44136,FY2021,FY2021 Q2,2020 Nov,2020 Nov 01,202011
20201102,44137,FY2021,FY2021 Q2,2020 Nov,2020 Nov 02,202011
20201103,44138,FY2021,FY2021 Q2,2020 Nov,2020 Nov 03,202011
20201104,44139,FY2021,FY2021 Q2,2020 Nov,2020 Nov 04,202011
20201105,44140,FY2021,FY2021 Q2,2020 Nov,2020 Nov 05,202011
20201106,44141,FY2021,FY2021 Q2,2020 Nov,2020 Nov 06,202011
20201107,44142,FY2021,FY2021 Q2,2020 Nov,2020 Nov 07,202011
20201108,44143,FY2021,FY2021 Q2,2020 Nov,2020 Nov 08,202011
20201109,44144,FY2021,FY2021 Q2,2020 Nov,2020 Nov 09,202011
20201110,44145,FY2021,FY2021 Q2,2020 Nov,2020 Nov 10,202011
20201111,44146,FY2021,FY2021 Q2,2020 Nov,2020 Nov 11,202011
20201112,44147,FY2021,FY2021 Q2,2020 Nov,2020 Nov 12,202011
20201113,44148,FY2021,FY2021 Q2,2020 Nov,2020 Nov 13,202011
20201114,44149,FY2021,FY2021 Q2,2020 Nov,2020 Nov 14,202011
20201115,44150,FY2021,FY2021 Q2,2020 Nov,2020 Nov 15,202011
20201116,44151,FY2021,FY2021 Q2,2020 Nov,2020 Nov 16,202011
20201117,44152,FY2021,FY2021 Q2,2020 Nov,2020 Nov 17,202011
20201118,44153,FY2021,FY2021 Q2,2020 Nov,2020 Nov 18,202011
20201119,44154,FY2021,FY2021 Q2,2020 Nov,2020 Nov 19,202011
20201120,44155,FY2021,FY2021 Q2,2020 Nov,2020 Nov 20,202011
20201121,44156,FY2021,FY2021 Q2,2020 Nov,2020 Nov 21,202011
20201122,44157,FY2021,FY2021 Q2,2020 Nov,2020 Nov 22,202011
20201123,44158,FY2021,FY2021 Q2,2020 Nov,2020 Nov 23,202011
20201124,44159,FY2021,FY2021 Q2,2020 Nov,2020 Nov 24,202011
20201125,44160,FY2021,FY2021 Q2,2020 Nov,2020 Nov 25,202011
20201126,44161,FY2021,FY2021 Q2,2020 Nov,2020 Nov 26,202011
20201127,44162,FY2021,FY2021 Q2,2020 Nov,2020 Nov 27,202011
20201128,44163,FY2021,FY2021 Q2,2020 Nov,2020 Nov 28,202011
20201129,44164,FY2021,FY2021 Q2,2020 Nov,2020 Nov 29,202011
20201130,44165,FY2021,FY2021 Q2,2020 Nov,2020 Nov 30,202011
20201201,44166,FY2021,FY2021 Q2,2020 Dec,2020 Dec 01,202012
20201202,44167,FY2021,FY2021 Q2,2020 Dec,2020 Dec 02,202012
20201203,44168,FY2021,FY2021 Q2,2020 Dec,2020 Dec 03,202012
20201204,44169,FY2021,FY2021 Q2,2020 Dec,2020 Dec 04,202012
20201205,44170,FY2021,FY2021 Q2,2020 Dec,2020 Dec 05,202012
20201206,44171,FY2021,FY2021 Q2,2020 Dec,2020 Dec 06,202012
20201207,44172,FY2021,FY2021 Q2,2020 Dec,2020 Dec 07,202012
20201208,44173,FY2021,FY2021 Q2,2020 Dec,2020 Dec 08,202012
20201209,44174,FY2021,FY2021 Q2,2020 Dec,2020 Dec 09,202012
20201210,44175,FY2021,FY2021 Q2,2020 Dec,2020 Dec 10,202012
20201211,44176,FY2021,FY2021 Q2,2020 Dec,2020 Dec 11,202012
20201212,44177,FY2021,FY2021 Q2,2020 Dec,2020 Dec 12,202012
20201213,44178,FY2021,FY2021 Q2,2020 Dec,2020 Dec 13,202012
20201214,44179,FY2021,FY2021 Q2,2020 Dec,2020 Dec 14,202012
20201215,44180,FY2021,FY2021 Q2,2020 Dec,2020 Dec 15,202012
20201216,44181,FY2021,FY2021 Q2,2020 Dec,2020 Dec 16,202012
20201217,44182,FY2021,FY2021 Q2,2020 Dec,2020 Dec 17,202012
20201218,44183,FY2021,FY2021 Q2,2020 Dec,2020 Dec 18,202012
20201219,44184,FY2021,FY2021 Q2,2020 Dec,2020 Dec 19,202012
20201220,44185,FY2021,FY2021 Q2,2020 Dec,2020 Dec 20,202012
20201221,44186,FY2021,FY2021 Q2,2020 Dec,2020 Dec 21,202012
20201222,44187,FY2021,FY2021 Q2,2020 Dec,2020 Dec 22,202012
20201223,44188,FY2021,FY2021 Q2,2020 Dec,2020 Dec 23,202012
20201224,44189,FY2021,FY2021 Q2,2020 Dec,2020 Dec 24,202012
20201225,44190,FY2021,FY2021 Q2,2020 Dec,2020 Dec 25,202012
20201226,44191,FY2021,FY2021 Q2,2020 Dec,2020 Dec 26,202012
20201227,44192,FY2021,FY2021 Q2,2020 Dec,2020 Dec 27,202012
20201228,44193,FY2021,FY2021 Q2,2020 Dec,2020 Dec 28,202012
20201229,44194,FY2021,FY2021 Q2,2020 Dec,2020 Dec 29,202012
20201230,44195,FY2021,FY2021 Q2,2020 Dec,2020 Dec 30,202012
20201231,44196,FY2021,FY2021 Q2,2020 Dec,2020 Dec 31,202012
20210101,44197,FY2021,FY2021 Q3,2021 Jan,2021 Jan 01,202101
20210102,44198,FY2021,FY2021 Q3,2021 Jan,2021 Jan 02,202101
20210103,44199,FY2021,FY2021 Q3,2021 Jan,2021 Jan 03,202101
20210104,44200,FY2021,FY2021 Q3,2021 Jan,2021 Jan 04,202101
20210105,44201,FY2021,FY2021 Q3,2021 Jan,2021 Jan 05,202101
20210106,44202,FY2021,FY2021 Q3,2021 Jan,2021 Jan 06,202101
20210107,44203,FY2021,FY2021 Q3,2021 Jan,2021 Jan 07,202101
20210108,44204,FY2021,FY2021 Q3,2021 Jan,2021 Jan 08,202101
20210109,44205,FY2021,FY2021 Q3,2021 Jan,2021 Jan 09,202101
20210110,44206,FY2021,FY2021 Q3,2021 Jan,2021 Jan 10,202101
20210111,44207,FY2021,FY2021 Q3,2021 Jan,2021 Jan 11,202101
20210112,44208,FY2021,FY2021 Q3,2021 Jan,2021 Jan 12,202101
20210113,44209,FY2021,FY2021 Q3,2021 Jan,2021 Jan 13,202101
20210114,44210,FY2021,FY2021 Q3,2021 Jan,2021 Jan 14,202101
20210115,44211,FY2021,FY2021 Q3,2021 Jan,2021 Jan 15,202101
20210116,44212,FY2021,FY2021 Q3,2021 Jan,2021 Jan 16,202101
20210117,44213,FY2021,FY2021 Q3,2021 Jan,2021 Jan 17,202101
20210118,44214,FY2021,FY2021 Q3,2021 Jan,2021 Jan 18,202101
20210119,44215,FY2021,FY2021 Q3,2021 Jan,2021 Jan 19,202101
20210120,44216,FY2021,FY2021 Q3,2021 Jan,2021 Jan 20,202101
20210121,44217,FY2021,FY2021 Q3,2021 Jan,2021 Jan 21,202101
20210122,44218,FY2021,FY2021 Q3,2021 Jan,2021 Jan 22,202101
20210123,44219,FY2021,FY2021 Q3,2021 Jan,2021 Jan 23,202101
20210124,44220,FY2021,FY2021 Q3,2021 Jan,2021 Jan 24,202101
20210125,44221,FY2021,FY2021 Q3,2021 Jan,2021 Jan 25,202101
20210126,44222,FY2021,FY2021 Q3,2021 Jan,2021 Jan 26,202101
20210127,44223,FY2021,FY2021 Q3,2021 Jan,2021 Jan 27,202101
20210128,44224,FY2021,FY2021 Q3,2021 Jan,2021 Jan 28,202101
20210129,44225,FY2021,FY2021 Q3,2021 Jan,2021 Jan 29,202101
20210130,44226,FY2021,FY2021 Q3,2021 Jan,2021 Jan 30,202101
20210131,44227,FY2021,FY2021 Q3,2021 Jan,2021 Jan 31,202101
20210201,44228,FY2021,FY2021 Q3,2021 Feb,2021 Feb 01,202102
20210202,44229,FY2021,FY2021 Q3,2021 Feb,2021 Feb 02,202102
20210203,44230,FY2021,FY2021 Q3,2021 Feb,2021 Feb 03,202102
20210204,44231,FY2021,FY2021 Q3,2021 Feb,2021 Feb 04,202102
20210205,44232,FY2021,FY2021 Q3,2021 Feb,2021 Feb 05,202102
20210206,44233,FY2021,FY2021 Q3,2021 Feb,2021 Feb 06,202102
20210207,44234,FY2021,FY2021 Q3,2021 Feb,2021 Feb 07,202102
20210208,44235,FY2021,FY2021 Q3,2021 Feb,2021 Feb 08,202102
20210209,44236,FY2021,FY2021 Q3,2021 Feb,2021 Feb 09,202102
20210210,44237,FY2021,FY2021 Q3,2021 Feb,2021 Feb 10,202102
20210211,44238,FY2021,FY2021 Q3,2021 Feb,2021 Feb 11,202102
20210212,44239,FY2021,FY2021 Q3,2021 Feb,2021 Feb 12,202102
20210213,44240,FY2021,FY2021 Q3,2021 Feb,2021 Feb 13,202102
20210214,44241,FY2021,FY2021 Q3,2021 Feb,2021 Feb 14,202102
20210215,44242,FY2021,FY2021 Q3,2021 Feb,2021 Feb 15,202102
20210216,44243,FY2021,FY2021 Q3,2021 Feb,2021 Feb 16,202102
20210217,44244,FY2021,FY2021 Q3,2021 Feb,2021 Feb 17,202102
20210218,44245,FY2021,FY2021 Q3,2021 Feb,2021 Feb 18,202102
20210219,44246,FY2021,FY2021 Q3,2021 Feb,2021 Feb 19,202102
20210220,44247,FY2021,FY2021 Q3,2021 Feb,2021 Feb 20,202102
20210221,44248,FY2021,FY2021 Q3,2021 Feb,2021 Feb 21,202102
20210222,44249,FY2021,FY2021 Q3,2021 Feb,2021 Feb 22,202102
20210223,44250,FY2021,FY2021 Q3,2021 Feb,2021 Feb 23,202102
20210224,44251,FY2021,FY2021 Q3,2021 Feb,2021 Feb 24,202102
20210225,44252,FY2021,FY2021 Q3,2021 Feb,2021 Feb 25,202102
20210226,44253,FY2021,FY2021 Q3,2021 Feb,2021 Feb 26,202102
20210227,44254,FY2021,FY2021 Q3,2021 Feb,2021 Feb 27,202102
20210228,44255,FY2021,FY2021 Q3,2021 Feb,2021 Feb 28,202102
20210301,44256,FY2021,FY2021 Q3,2021 Mar,2021 Mar 01,202103
20210302,44257,FY2021,FY2021 Q3,2021 Mar,2021 Mar 02,202103
20210303,44258,FY2021,FY2021 Q3,2021 Mar,2021 Mar 03,202103
20210304,44259,FY2021,FY2021 Q3,2021 Mar,2021 Mar 04,202103
20210305,44260,FY2021,FY2021 Q3,2021 Mar,2021 Mar 05,202103
20210306,44261,FY2021,FY2021 Q3,2021 Mar,2021 Mar 06,202103
20210307,44262,FY2021,FY2021 Q3,2021 Mar,2021 Mar 07,202103
20210308,44263,FY2021,FY2021 Q3,2021 Mar,2021 Mar 08,202103
20210309,44264,FY2021,FY2021 Q3,2021 Mar,2021 Mar 09,202103
20210310,44265,FY2021,FY2021 Q3,2021 Mar,2021 Mar 10,202103
20210311,44266,FY2021,FY2021 Q3,2021 Mar,2021 Mar 11,202103
20210312,44267,FY2021,FY2021 Q3,2021 Mar,2021 Mar 12,202103
20210313,44268,FY2021,FY2021 Q3,2021 Mar,2021 Mar 13,202103
20210314,44269,FY2021,FY2021 Q3,2021 Mar,2021 Mar 14,202103
20210315,44270,FY2021,FY2021 Q3,2021 Mar,2021 Mar 15,202103
20210316,44271,FY2021,FY2021 Q3,2021 Mar,2021 Mar 16,202103
20210317,44272,FY2021,FY2021 Q3,2021 Mar,2021 Mar 17,202103
20210318,44273,FY2021,FY2021 Q3,2021 Mar,2021 Mar 18,202103
20210319,44274,FY2021,FY2021 Q3,2021 Mar,2021 Mar 19,202103
20210320,44275,FY2021,FY2021 Q3,2021 Mar,2021 Mar 20,202103
20210321,44276,FY2021,FY2021 Q3,2021 Mar,2021 Mar 21,202103
20210322,44277,FY2021,FY2021 Q3,2021 Mar,2021 Mar 22,202103
20210323,44278,FY2021,FY2021 Q3,2021 Mar,2021 Mar 23,202103
20210324,44279,FY2021,FY2021 Q3,2021 Mar,2021 Mar 24,202103
20210325,44280,FY2021,FY2021 Q3,2021 Mar,2021 Mar 25,202103
20210326,44281,FY2021,FY2021 Q3,2021 Mar,2021 Mar 26,202103
20210327,44282,FY2021,FY2021 Q3,2021 Mar,2021 Mar 27,202103
20210328,44283,FY2021,FY2021 Q3,2021 Mar,2021 Mar 28,202103
20210329,44284,FY2021,FY2021 Q3,2021 Mar,2021 Mar 29,202103
20210330,44285,FY2021,FY2021 Q3,2021 Mar,2021 Mar 30,202103
20210331,44286,FY2021,FY2021 Q3,2021 Mar,2021 Mar 31,202103
20210401,44287,FY2021,FY2021 Q4,2021 Apr,2021 Apr 01,202104
20210402,44288,FY2021,FY2021 Q4,2021 Apr,2021 Apr 02,202104
20210403,44289,FY2021,FY2021 Q4,2021 Apr,2021 Apr 03,202104
20210404,44290,FY2021,FY2021 Q4,2021 Apr,2021 Apr 04,202104
20210405,44291,FY2021,FY2021 Q4,2021 Apr,2021 Apr 05,202104
20210406,44292,FY2021,FY2021 Q4,2021 Apr,2021 Apr 06,202104
20210407,44293,FY2021,FY2021 Q4,2021 Apr,2021 Apr 07,202104
20210408,44294,FY2021,FY2021 Q4,2021 Apr,2021 Apr 08,202104
20210409,44295,FY2021,FY2021 Q4,2021 Apr,2021 Apr 09,202104
20210410,44296,FY2021,FY2021 Q4,2021 Apr,2021 Apr 10,202104
20210411,44297,FY2021,FY2021 Q4,2021 Apr,2021 Apr 11,202104
20210412,44298,FY2021,FY2021 Q4,2021 Apr,2021 Apr 12,202104
20210413,44299,FY2021,FY2021 Q4,2021 Apr,2021 Apr 13,202104
20210414,44300,FY2021,FY2021 Q4,2021 Apr,2021 Apr 14,202104
20210415,44301,FY2021,FY2021 Q4,2021 Apr,2021 Apr 15,202104
20210416,44302,FY2021,FY2021 Q4,2021 Apr,2021 Apr 16,202104
20210417,44303,FY2021,FY2021 Q4,2021 Apr,2021 Apr 17,202104
20210418,44304,FY2021,FY2021 Q4,2021 Apr,2021 Apr 18,202104
20210419,44305,FY2021,FY2021 Q4,2021 Apr,2021 Apr 19,202104
20210420,44306,FY2021,FY2021 Q4,2021 Apr,2021 Apr 20,202104
20210421,44307,FY2021,FY2021 Q4,2021 Apr,2021 Apr 21,202104
20210422,44308,FY2021,FY2021 Q4,2021 Apr,2021 Apr 22,202104
20210423,44309,FY2021,FY2021 Q4,2021 Apr,2021 Apr 23,202104
20210424,44310,FY2021,FY2021 Q4,2021 Apr,2021 Apr 24,202104
20210425,44311,FY2021,FY2021 Q4,2021 Apr,2021 Apr 25,202104
20210426,44312,FY2021,FY2021 Q4,2021 Apr,2021 Apr 26,202104
20210427,44313,FY2021,FY2021 Q4,2021 Apr,2021 Apr 27,202104
20210428,44314,FY2021,FY2021 Q4,2021 Apr,2021 Apr 28,202104
20210429,44315,FY2021,FY2021 Q4,2021 Apr,2021 Apr 29,202104
20210430,44316,FY2021,FY2021 Q4,2021 Apr,2021 Apr 30,202104
20210501,44317,FY2021,FY2021 Q4,2021 May,2021 May 01,202105
20210502,44318,FY2021,FY2021 Q4,2021 May,2021 May 02,202105
20210503,44319,FY2021,FY2021 Q4,2021 May,2021 May 03,202105
20210504,44320,FY2021,FY2021 Q4,2021 May,2021 May 04,202105
20210505,44321,FY2021,FY2021 Q4,2021 May,2021 May 05,202105
20210506,44322,FY2021,FY2021 Q4,2021 May,2021 May 06,202105
20210507,44323,FY2021,FY2021 Q4,2021 May,2021 May 07,202105
20210508,44324,FY2021,FY2021 Q4,2021 May,2021 May 08,202105
20210509,44325,FY2021,FY2021 Q4,2021 May,2021 May 09,202105
20210510,44326,FY2021,FY2021 Q4,2021 May,2021 May 10,202105
20210511,44327,FY2021,FY2021 Q4,2021 May,2021 May 11,202105
20210512,44328,FY2021,FY2021 Q4,2021 May,2021 May 12,202105
20210513,44329,FY2021,FY2021 Q4,2021 May,2021 May 13,202105
20210514,44330,FY2021,FY2021 Q4,2021 May,2021 May 14,202105
20210515,44331,FY2021,FY2021 Q4,2021 May,2021 May 15,202105
20210516,44332,FY2021,FY2021 Q4,2021 May,2021 May 16,202105
20210517,44333,FY2021,FY2021 Q4,2021 May,2021 May 17,202105
20210518,44334,FY2021,FY2021 Q4,2021 May,2021 May 18,202105
20210519,44335,FY2021,FY2021 Q4,2021 May,2021 May 19,202105
20210520,44336,FY2021,FY2021 Q4,2021 May,2021 May 20,202105
20210521,44337,FY2021,FY2021 Q4,2021 May,2021 May 21,202105
20210522,44338,FY2021,FY2021 Q4,2021 May,2021 May 22,202105
20210523,44339,FY2021,FY2021 Q4,2021 May,2021 May 23,202105
20210524,44340,FY2021,FY2021 Q4,2021 May,2021 May 24,202105
20210525,44341,FY2021,FY2021 Q4,2021 May,2021 May 25,202105
20210526,44342,FY2021,FY2021 Q4,2021 May,2021 May 26,202105
20210527,44343,FY2021,FY2021 Q4,2021 May,2021 May 27,202105
20210528,44344,FY2021,FY2021 Q4,2021 May,2021 May 28,202105
20210529,44345,FY2021,FY2021 Q4,2021 May,2021 May 29,202105
20210530,44346,FY2021,FY2021 Q4,2021 May,2021 May 30,202105
20210531,44347,FY2021,FY2021 Q4,2021 May,2021 May 31,202105
20210601,44348,FY2021,FY2021 Q4,2021 Jun,2021 Jun 01,202106
20210602,44349,FY2021,FY2021 Q4,2021 Jun,2021 Jun 02,202106
20210603,44350,FY2021,FY2021 Q4,2021 Jun,2021 Jun 03,202106
20210604,44351,FY2021,FY2021 Q4,2021 Jun,2021 Jun 04,202106
20210605,44352,FY2021,FY2021 Q4,2021 Jun,2021 Jun 05,202106
20210606,44353,FY2021,FY2021 Q4,2021 Jun,2021 Jun 06,202106
20210607,44354,FY2021,FY2021 Q4,2021 Jun,2021 Jun 07,202106
20210608,44355,FY2021,FY2021 Q4,2021 Jun,2021 Jun 08,202106
20210609,44356,FY2021,FY2021 Q4,2021 Jun,2021 Jun 09,202106
20210610,44357,FY2021,FY2021 Q4,2021 Jun,2021 Jun 10,202106
20210611,44358,FY2021,FY2021 Q4,2021 Jun,2021 Jun 11,202106
20210612,44359,FY2021,FY2021 Q4,2021 Jun,2021 Jun 12,202106
20210613,44360,FY2021,FY2021 Q4,2021 Jun,2021 Jun 13,202106
20210614,44361,FY2021,FY2021 Q4,2021 Jun,2021 Jun 14,202106
20210615,44362,FY2021,FY2021 Q4,2021 Jun,2021 Jun 15,202106
20210616,44363,FY2021,FY2021 Q4,2021 Jun,2021 Jun 16,202106
20210617,44364,FY2021,FY2021 Q4,2021 Jun,2021 Jun 17,202106
20210618,44365,FY2021,FY2021 Q4,2021 Jun,2021 Jun 18,202106
20210619,44366,FY2021,FY2021 Q4,2021 Jun,2021 Jun 19,202106
20210620,44367,FY2021,FY2021 Q4,2021 Jun,2021 Jun 20,202106
20210621,44368,FY2021,FY2021 Q4,2021 Jun,2021 Jun 21,202106
20210622,44369,FY2021,FY2021 Q4,2021 Jun,2021 Jun 22,202106
20210623,44370,FY2021,FY2021 Q4,2021 Jun,2021 Jun 23,202106
20210624,44371,FY2021,FY2021 Q4,2021 Jun,2021 Jun 24,202106
20210625,44372,FY2021,FY2021 Q4,2021 Jun,2021 Jun 25,202106
20210626,44373,FY2021,FY2021 Q4,2021 Jun,2021 Jun 26,202106
20210627,44374,FY2021,FY2021 Q4,2021 Jun,2021 Jun 27,202106
20210628,44375,FY2021,FY2021 Q4,2021 Jun,2021 Jun 28,202106
20210629,44376,FY2021,FY2021 Q4,2021 Jun,2021 Jun 29,202106
20210630,44377,FY2021,FY2021 Q4,2021 Jun,2021 Jun 30,202106
